"","ResponseId","age","college","male_num","AI_trust_num","Task_diff_num","Dmn_know_a_num","Dmn_know_p_num","atn_ch","accuracy","confidence","time_taken","AI_use","AI","bar"
"1","R_22mqvTFwijCFDOC",22,0,1,3,2,0.4,0.2,1,0.384615384615385,0.6,6.44376923076923,NA,0,0
"2","R_vr9oYzUEhrjrmAF",58,1,0,2,4,0.2,0,0,0.461538461538462,0.492307692307692,15.2563076923077,NA,0,0
"3","R_1eVGQkDn4wmTveD",18,0,0,3,3,0.6,0.4,0,0.538461538461538,0.415384615384615,14.7900769230769,NA,0,0
"4","R_9SmL2ZpD54Eow3T",59,0,0,3,2,0.4,0,1,0.538461538461538,0.461538461538462,11.6194615384615,NA,0,0
"5","R_2yegKpfProRdTHs",30,0,0,3,3,0.6,0.4,1,0.538461538461538,0.584615384615385,9.40515384615385,NA,0,0
"6","R_3rSwlBik2Gfkh5B",30,1,0,5,4,0,0,1,0.230769230769231,0.230769230769231,10.4130769230769,NA,0,0
"7","R_1EiEj4FyRqbuA40",24,1,1,5,5,0.4,0.2,1,0.307692307692308,0.461538461538462,8.45853846153846,NA,0,0
"8","R_3iyQxtIShxHleOm",18,0,1,3,3,0.6,0.2,0,0.307692307692308,0.4,7.88515384615385,NA,0,0
"9","R_3gTWxd8okkHqgWE",23,0,1,4,3,0.6,0,1,0.538461538461538,0.676923076923077,13.9606923076923,NA,0,0
"10","R_0P91reh8CsGYQIV",21,0,1,4,1,0.4,0.2,1,0.307692307692308,0.646153846153846,12.8383846153846,NA,0,0
"11","R_2WGM38KGUDeGLkc",20,0,0,4,2,0.8,0.6,0,0.615384615384615,0.723076923076923,8.33153846153846,NA,0,0
"12","R_1K3CAo2kTuUk5pJ",31,1,1,4,4,0.8,0,1,0.384615384615385,0.676923076923077,9.43,NA,0,0
"13","R_2aY973l52plt7Bv",21,0,0,2,2,0.4,0.4,1,0.538461538461538,0.523076923076923,6.83023076923077,NA,0,0
"14","R_1N2EC9A3NcCumLn",23,0,1,2,3,0.4,0.2,1,0.538461538461538,0.384615384615385,10.3443076923077,NA,0,0
"15","R_UxNdIEuBcSD4Jnr",26,1,1,2,5,0,0,1,0.384615384615385,0.230769230769231,7.81146153846154,NA,0,0
"16","R_9XEw40pHMWQvsel",22,1,1,2,4,0.4,0,1,0.384615384615385,0.584615384615385,6.86284615384615,NA,0,0
"17","R_2ClcZpBJkRng4bF",46,1,0,5,2,0.4,0.2,1,0.692307692307692,0.507692307692308,10.9690769230769,NA,0,0
"18","R_w7z6QyyjQbmgn4t",26,1,0,2,3,0.4,0.2,0,0.461538461538462,0.338461538461538,6.26123076923077,NA,0,0
"19","R_0CEZexeez6PmpY5",25,1,0,4,4,0.4,0,1,0.384615384615385,0.661538461538462,8.836,NA,0,0
"20","R_wZSfcAGv5NaiceJ",33,1,1,2,2,0.4,0.2,1,0.461538461538462,0.523076923076923,9.66684615384615,NA,0,0
"21","R_uknfXYnH7IEu6xb",41,0,1,4,4,0.2,0,1,0.461538461538462,0.384615384615385,13.0263846153846,NA,0,0
"22","R_3KwJ0CY6mYNnCWX",30,0,1,3,2,0.4,0.4,0,0.538461538461538,0.584615384615385,11.5523846153846,NA,0,0
"23","R_2VCRRO3FlQGg4yf",23,0,1,3,2,0.2,0,1,0.461538461538462,0.292307692307692,11.8246153846154,NA,0,0
"24","R_3GllcSVAbWgPJc6",35,1,0,4,4,0.4,0,1,0.538461538461538,0.184615384615385,10.7528461538462,NA,0,0
"25","R_PTHzERZQpfZFYLT",27,0,1,4,3,0.6,0,0,0.538461538461538,0.569230769230769,11.4303076923077,NA,0,0
"26","R_XRkHP28XftIToGZ",20,0,0,3,4,0.6,0,1,0.461538461538462,0.6,6.79646153846154,NA,0,0
"27","R_2Xii2SX9yhNcbdr",59,0,0,1,2,1,0.4,1,0.461538461538462,0.738461538461538,15.1796153846154,NA,0,0
"28","R_2OOWqGVsHSMpKYP",23,0,1,4,2,0.4,0.2,1,0.538461538461538,0.4,14.033,NA,0,0
"29","R_r9FFDydNduScHYZ",21,0,1,4,4,0.4,0,1,0.461538461538462,0.492307692307692,16.9445384615385,NA,0,0
"30","R_21zzGKM7iwBK4ro",22,1,1,3,2,0.4,0.2,1,0.538461538461538,0.353846153846154,11.5298461538462,NA,0,0
"31","R_27xRjOXD126VLMu",28,0,0,5,4,0.6,0.2,1,0.461538461538462,0.353846153846154,9.22238461538462,NA,0,0
"32","R_1rluEh5Zo5QIoAJ",36,1,1,4,4,0.6,0,0,0.153846153846154,0.384615384615385,20.4913846153846,NA,0,0
"33","R_3MDznKTUj3fvOxW",25,0,0,2,4,0.8,0.2,0,0.538461538461538,0.538461538461538,6.11969230769231,NA,0,0
"34","R_1I4rKEIgLpt3GuB",38,0,1,2,3,0.4,0,0,0.538461538461538,0.661538461538462,17.2617692307692,NA,0,0
"35","R_DpkR6vZ2iL5rMn7",20,0,1,3,2,0.4,0.2,1,0.230769230769231,0.415384615384615,10.3602307692308,NA,0,0
"36","R_1QtlhAsDepwI9RN",19,0,1,1,4,0.6,0,1,0.384615384615385,0.584615384615385,6.454,NA,0,0
"37","R_1F9rPW57TS2Nz7j",28,1,0,1,4,0.2,0,1,0.538461538461538,0.323076923076923,8.42930769230769,NA,0,0
"38","R_3RkCeoxW3QHvbUE",25,1,1,3,NA,0.6,0.2,1,0.615384615384615,0.676923076923077,7.45915384615385,NA,0,0
"39","R_2TEFTZFF7BLVxFe",18,0,0,4,2,0.4,0,1,0.461538461538462,0.630769230769231,5.73330769230769,NA,0,0
"40","R_27JC9L7yPkmOEt5",29,1,1,4,2,0.4,0.4,1,0.538461538461538,0.6,9.40784615384615,NA,0,0
"41","R_110gucIytMMzhRT",30,1,0,4,4,0.6,0,1,0.615384615384615,0.369230769230769,10.8503076923077,NA,0,0
"42","R_6yDv4POVNnikrzH",25,0,0,3,4,0.6,0,1,0.538461538461538,0.369230769230769,10.9727692307692,NA,0,0
"43","R_3Eh61fVL4wYbZBY",20,0,1,2,4,1,0,1,0.538461538461538,0.553846153846154,11.8771538461538,NA,0,0
"44","R_1Kfj7417wIlqllb",27,1,1,3,2,0.6,0.2,1,0.538461538461538,0.753846153846154,11.6142307692308,NA,0,0
"45","R_sHJu8Tm2ys4fFsZ",37,1,0,4,2,0.6,0.6,1,0.461538461538462,0.830769230769231,10.5836153846154,NA,0,0
"46","R_31HNMw1wqj2Q5lP",24,1,1,4,4,0.6,0,1,0.615384615384615,0.446153846153846,11.5262307692308,NA,0,0
"47","R_zVwVCcoJbKqVHyN",27,1,0,2,4,0.4,0.2,1,0.307692307692308,0.384615384615385,8.70646153846154,NA,0,0
"48","R_PGVws6TJenVHYpr",39,1,1,5,2,0.8,0.6,1,0.615384615384615,0.369230769230769,10.4776153846154,NA,0,0
"49","R_1FG34AxEY8JntO3",20,0,1,3,4,0,0,1,0.307692307692308,0.553846153846154,8.50146153846154,NA,0,0
"50","R_3dTedqThDLeKo53",32,1,1,4,2,0.2,0,1,0.384615384615385,0.338461538461538,6.93846153846154,NA,0,0
"51","R_1PS13gNhqWQkAzM",28,1,1,4,2,0.8,0.4,1,0.769230769230769,0.615384615384615,6.84207692307692,NA,0,0
"52","R_XRFV1wd3KSh8w7L",41,1,0,3,5,0.2,0,1,0.384615384615385,0.107692307692308,9.826,NA,0,0
"53","R_3D8ybG7SsU7w4jB",57,0,0,2,4,0.2,0.4,0,0.538461538461538,0.2,9.99392307692308,NA,0,0
"54","R_tYXg6mdF9O0QPrX",40,0,0,4,2,0.4,0.4,1,0.384615384615385,0.615384615384615,15.3243846153846,NA,0,0
"55","R_2dmOmqHlo0Qznkx",28,1,1,2,4,0.6,0,1,0.538461538461538,0.584615384615385,7.50492307692308,NA,0,0
"56","R_31hMAot4jDSGS6Z",25,0,0,3,1,0.4,0,1,0.307692307692308,0.507692307692308,17.6917692307692,NA,0,0
"57","R_3e2LsfjPy5BKRbC",28,1,0,2,4,0.8,0.2,0,0.615384615384615,0.523076923076923,12.0302307692308,NA,0,0
"58","R_2cCNyQR8fYD8N5U",21,0,1,4,3,0.6,0.2,1,0.461538461538462,0.353846153846154,9.53038461538462,NA,0,0
"59","R_yllLgeMlqTZDhLj",21,0,1,4,1,0.6,0,1,0.384615384615385,0.584615384615385,11.4821538461538,NA,0,0
"60","R_3m2Z9IOpTigHrSU",31,0,1,4,2,0.2,0.2,0,0.461538461538462,0.353846153846154,10.0363846153846,NA,0,0
"61","R_2RTYSLuS7jIV3VC",54,1,1,4,4,0.6,0.4,0,0.538461538461538,0.492307692307692,9.46169230769231,NA,0,0
"62","R_2s7kl891Z9GBUWa",30,1,0,4,2,1,0.4,1,0.461538461538462,0.753846153846154,35.3536153846154,NA,0,0
"63","R_2Y9h1b2E4GDjGlY",48,1,1,4,3,0.2,0,0,0.615384615384615,0.353846153846154,7.63515384615385,NA,0,0
"64","R_2Ynup9mzbRziFag",20,0,1,2,4,0.2,0,1,0.538461538461538,0.4,9.15992307692308,NA,0,0
"65","R_1hM6wa9kSUNH1Ep",27,1,0,2,4,0.6,0.2,0,0.538461538461538,0.553846153846154,28.0310769230769,NA,0,0
"66","R_3dWI2pcrQ6pgWQW",23,0,1,3,2,0.4,0.2,1,0.538461538461538,0.584615384615385,6.25923076923077,NA,0,0
"67","R_3O0wOumB2iXWwql",29,1,0,4,4,0.8,0,1,0.615384615384615,0.430769230769231,10.2023076923077,NA,0,0
"68","R_2rBAY208NsMD2IE",28,1,0,2,4,0.6,0.8,1,0.538461538461538,0.815384615384615,5.88146153846154,NA,0,0
"69","R_3Ei0VFuFY8NRNYI",34,1,1,3,4,0.6,0,1,0.461538461538462,0.215384615384615,11.1169230769231,NA,0,0
"70","R_1g2sU5O3CsO3QFi",25,1,1,2,3,0.4,0.2,0,0.307692307692308,0.569230769230769,9.73138461538461,NA,0,0
"71","R_3CUcOioBR7jsEmr",25,0,0,4,2,0.2,0.4,1,0.461538461538462,0.338461538461538,13.5981538461538,NA,0,0
"72","R_2VxRm60qNqWMzvG",20,0,1,5,2,0.6,0.6,0,0.538461538461538,0.476923076923077,33.2952307692308,NA,0,0
"73","R_1F5jopdza3Q288l",21,0,1,4,3,0.8,0,1,0.615384615384615,0.692307692307692,5.70092307692308,NA,0,0
"74","R_1JRW0tZ4nfhwGDs",22,1,0,5,4,0.4,0,0,0.615384615384615,0.569230769230769,5.02207692307692,NA,0,0
"75","R_b8ZWwSxP0PUf2y5",38,0,1,4,3,0.4,0,1,0.538461538461538,0.430769230769231,30.3883846153846,NA,0,0
"76","R_31KpSuswjU9fRyK",28,0,0,4,2,0.8,0.4,0,0.538461538461538,0.615384615384615,8.91238461538462,NA,0,0
"77","R_1FbQTuGHERv9hNh",20,0,1,5,4,0,0,1,0.461538461538462,0.4,8.885,NA,0,0
"78","R_1EWnWzzjUzi0F4p",41,0,1,4,4,1,1,0,0.461538461538462,0.692307692307692,60.1241538461538,NA,0,0
"79","R_3eHLwPbxKYA02rv",21,0,0,2,4,0.6,0.2,1,0.538461538461538,0.415384615384615,10.4886153846154,NA,0,0
"80","R_1lB0UmQ0EKn17Kt",20,0,1,5,4,0.6,0.2,1,0.692307692307692,0.492307692307692,12.4041538461538,NA,0,0
"81","R_1Injgg4T1mfn5VB",56,1,0,4,4,0.2,0.2,0,0.230769230769231,0.569230769230769,21.9098461538462,NA,0,0
"82","R_UrUGrUYwcUzf9n3",24,0,1,4,3,0.2,0.2,1,0.538461538461538,0.230769230769231,6.73723076923077,NA,0,0
"83","R_x5Rs1GxD4ju4N7r",38,1,1,3,4,0.6,0.6,1,0.615384615384615,0.430769230769231,8.55161538461538,NA,0,0
"84","R_2uOLjZoSRPwCzMO",39,0,1,5,1,0.2,0.4,1,0.230769230769231,0.661538461538462,13.6746923076923,NA,0,0
"85","R_svqMr55RTvSq9Tb",32,1,0,4,2,0.8,0.2,1,0.615384615384615,0.615384615384615,12.4336153846154,NA,0,0
"86","R_1JVhO3JZuxaPwDj",37,1,0,2,4,0.4,0,1,0.461538461538462,0.323076923076923,10.5723076923077,NA,0,0
"87","R_2nq062m405bPwLn",32,0,1,4,3,0.6,0.4,1,0.461538461538462,0.646153846153846,5.98815384615385,NA,0,0
"88","R_3hu8aeWZDOaF2xr",29,0,1,4,5,0,0,1,0.538461538461538,0.138461538461538,11.8105384615385,NA,0,0
"89","R_1f4bLhhQdj8vfBF",34,0,1,4,3,0.2,0.2,1,0.538461538461538,0.476923076923077,8.93776923076923,NA,0,0
"90","R_3QJiOABg22on0Wi",24,1,0,4,2,0.4,0.2,1,0.307692307692308,0.276923076923077,8.54838461538462,NA,0,0
"91","R_tQKevyemPIwqr2p",41,1,0,4,2,0.6,0.2,1,0.538461538461538,0.276923076923077,10.4783076923077,NA,0,0
"92","R_2B8VbVp8QXPiZTJ",35,0,1,3,4,0.4,0,1,0.384615384615385,0.446153846153846,8.81392307692308,NA,0,0
"93","R_1PTsrMRaxBVJ3Li",32,1,1,4,3,0.4,0,1,0.615384615384615,0.369230769230769,10.1653076923077,NA,0,0
"94","R_2fATs8WTUoK2c5C",20,0,0,3,4,0.6,0.2,1,0.384615384615385,0.769230769230769,9.02530769230769,NA,0,0
"95","R_DdTjh74QzXNHIaZ",36,0,0,4,3,0.6,0.2,1,0.384615384615385,0.138461538461538,14.827,NA,0,0
"96","R_vITXm5mp1EtaDLP",34,1,0,2,4,0.4,0,1,0.384615384615385,0.338461538461538,9.93053846153846,NA,0,0
"97","R_2ZNWWm7JSRn4WSU",20,0,0,4,2,0.6,0.4,1,0.461538461538462,0.630769230769231,8.45146153846154,NA,0,0
"98","R_2ScxbuZLpxXGhZB",36,0,0,5,2,0,0,0,0.538461538461538,0.630769230769231,16.7007692307692,NA,0,0
"99","R_6Yktf5yRyYQq5CV",33,1,0,4,4,0.6,0,1,0.538461538461538,0.446153846153846,7.79938461538462,NA,0,0
"100","R_2cBhg2q86tKTvOY",26,1,0,2,3,1,0.2,0,0.615384615384615,0.215384615384615,8.26084615384615,NA,0,0
"101","R_1fjyKx3MpvlArLz",20,0,0,4,4,0.8,0.2,1,0.461538461538462,0.892307692307692,15.0556153846154,NA,0,0
"102","R_2xUXdzK9YkR2JC7",20,0,0,3,4,0.4,0,1,0.615384615384615,0.323076923076923,13.9380769230769,NA,0,0
"103","R_2e4jjNhizs8CCEJ",22,1,0,4,3,0.2,0,1,0.384615384615385,0.461538461538462,7.018,NA,0,0
"104","R_1118Q5jQdKSYqCf",31,1,1,4,4,0.4,0.2,1,0.461538461538462,0.261538461538462,7.64538461538462,NA,0,0
"105","R_3G7XoU6W2Rpc07a",19,0,1,4,3,0.8,0.4,0,0.538461538461538,0.538461538461538,10.8678461538462,NA,0,0
"106","R_1jIjvIpE80Qg7Th",42,1,1,2,4,0.2,0,1,0.538461538461538,0.384615384615385,6.247,NA,0,0
"107","R_2cvH21TruCbSnrh",46,1,0,4,4,0.2,0,1,0.692307692307692,0.323076923076923,12.5629230769231,NA,0,0
"108","R_3iybB6S0OqfYsir",30,0,1,4,3,0.4,0,1,0.230769230769231,0.538461538461538,9.281,NA,0,0
"109","R_w6tKRNDOUb7NFSN",23,0,1,5,2,0.6,0.4,1,0.461538461538462,0.338461538461538,44.45,NA,0,0
"110","R_3Pdx2J4VK1deDv2",56,0,1,1,1,0.2,0,1,0.384615384615385,0.430769230769231,15.8693076923077,NA,0,0
"111","R_3rY7Dy21ENawstb",18,0,1,5,2,0.4,0,1,0.384615384615385,0.676923076923077,9.51115384615385,NA,0,0
"112","R_3kFYnZ6hDbkfb3c",30,1,0,2,2,1,0,0,0.461538461538462,0.815384615384615,8.76907692307692,NA,0,0
"113","R_3fv10VMtORusggP",22,1,1,4,4,0.4,0,1,0.692307692307692,0.707692307692308,28.0293076923077,NA,0,0
"114","R_2tJQLagG2M6QdOa",36,1,1,2,4,0.2,0,1,0.461538461538462,0.338461538461538,15.8124615384615,NA,0,0
"115","R_1OUhaHX2ruEcKJT",27,0,0,3,4,0.6,0.4,0,0.615384615384615,0.0923076923076923,11.7846153846154,NA,0,0
"116","R_1Q48jAD4pTY0iwE",38,1,0,4,5,0.2,0,1,0.384615384615385,0.384615384615385,15.9043076923077,NA,0,0
"117","R_29ay5nG6FZMFmIO",27,1,1,4,5,0.2,0,1,0.461538461538462,0.307692307692308,9.77523076923077,NA,0,0
"118","R_1kZXPjgdTdh1AjP",20,0,0,2,2,0.6,0,1,0.615384615384615,0.430769230769231,17.3662307692308,NA,0,0
"119","R_SMYK1tVcbNmEcTL",23,1,0,2,4,0.4,0,1,0.384615384615385,0.446153846153846,21.2563076923077,NA,0,0
"120","R_1pVVZ3s1CXu4QaD",36,1,1,4,4,0.4,0,1,0.538461538461538,0.476923076923077,23.9153846153846,NA,0,0
"121","R_1gdxr3201bY7lCK",18,0,0,2,4,0.2,0.4,1,0.461538461538462,0.4,7.71507692307692,NA,0,0
"122","R_3OcZLD9v026y7mT",22,1,0,4,4,0.4,0.2,1,0.538461538461538,0.569230769230769,11.1366923076923,NA,0,0
"123","R_2DSqmhukIDHwKq0",18,0,1,5,4,0.4,0.4,1,0.461538461538462,0.630769230769231,6.492,NA,0,0
"124","R_2S2MzXJuLzJTOFy",31,0,0,5,4,0.2,0,1,0.461538461538462,0.323076923076923,7.96476923076923,NA,0,0
"125","R_1nOZBpHU8HVRcH4",39,1,0,4,2,0.4,0.2,1,0.692307692307692,0.353846153846154,7.75484615384615,NA,0,0
"126","R_3PN5vXNaw42oN8v",38,1,1,4,4,0.8,0.2,0,0.538461538461538,0.707692307692308,4.11584615384615,NA,0,0
"127","R_6s2aZB6FLy5MkCt",21,0,0,4,3,0.2,0.2,1,0.461538461538462,0.4,20.1951538461539,NA,0,0
"128","R_115550r3jsDbEz3",52,1,0,4,4,0.4,0.2,1,0.307692307692308,0.338461538461538,11.465,NA,0,0
"129","R_3RykCmjgM2Us0yf",26,1,0,4,4,0.4,0.2,1,0.615384615384615,0.6,24.7876923076923,NA,0,0
"130","R_2QMz6qy0Rw9fREh",36,1,1,2,2,0.6,0,0,0.538461538461538,0.646153846153846,7.58669230769231,NA,0,0
"131","R_2OIUJ9msNibA5yl",31,0,1,4,4,0.6,0.2,0,0.230769230769231,0.553846153846154,5.03846153846154,NA,0,0
"132","R_3sdHLxIfsyO8mug",27,0,1,4,2,0.6,0.4,0,0.615384615384615,0.353846153846154,13.6888461538462,NA,0,0
"133","R_2agDKb9RVaB7Fmr",38,0,1,4,2,0.6,0.4,1,0.461538461538462,0.569230769230769,8.60307692307692,NA,0,0
"134","R_3ERXkInRZ4NtkC1",51,1,0,2,4,0.4,0.2,1,0.615384615384615,0.538461538461538,10.8276153846154,NA,0,0
"135","R_wYU8Ay6n4JYZCWl",23,1,0,2,4,0.4,0,1,0.384615384615385,0.2,9.12530769230769,NA,0,0
"136","R_3kjGeZPZPhdUmWe",32,0,0,4,3,0.8,0,0,0.384615384615385,0.476923076923077,10.4086923076923,NA,0,0
"137","R_2YxhIfMLMuBu5Yw",50,0,1,5,2,1,0.6,0,0.538461538461538,0.661538461538462,23.6996923076923,NA,0,0
"138","R_2ygfLUFaggmBQaK",55,1,1,5,5,0.2,0.2,0,0.230769230769231,0.338461538461538,9.79515384615385,NA,0,0
"139","R_2TYkTN8cgPC5ukE",21,1,1,4,3,0.6,0,1,0.230769230769231,0.646153846153846,8.07753846153846,NA,0,0
"140","R_p3rnbbpcsldDCsp",41,0,0,4,2,0.8,0,1,0.384615384615385,0.6,22.3077692307692,NA,0,0
"141","R_2sdpWvbS4vVLQYY",28,0,0,4,4,0.4,0,1,0.538461538461538,0.307692307692308,18.2899230769231,NA,0,0
"142","R_bCuE4HUBiyUmrmx",31,1,0,1,4,0.8,0.6,1,0.384615384615385,0.507692307692308,8.01853846153846,NA,0,0
"143","R_vGrVNIqJgvPHmYp",23,1,0,2,4,0,0,1,0.538461538461538,0.261538461538462,13.4626923076923,NA,0,0
"144","R_9TvQFQN6JowGJbz",42,1,0,NA,3,0.6,0.2,1,0.307692307692308,0.369230769230769,20.0091538461538,NA,0,0
"145","R_2fjJvTfW1wxZm0c",20,0,0,2,4,0.2,0.2,1,0.538461538461538,0.353846153846154,22.105,NA,0,0
"146","R_3KMw41QeLaG8F5G",19,0,0,4,2,0.6,0.6,1,0.307692307692308,0.615384615384615,9.10176923076923,NA,0,0
"147","R_26a7Z2nt3ik3UYi",28,0,0,4,4,0.4,0,1,0.461538461538462,0.538461538461538,9.49961538461539,NA,0,0
"148","R_3IbpMYJLNBPTLlE",22,0,0,4,2,0.4,0.6,1,0.538461538461538,0.369230769230769,9.34861538461538,NA,0,0
"149","R_3hEMc65WpXlRZpg",29,1,0,4,2,0.2,0,1,0.461538461538462,0.369230769230769,12.2456153846154,NA,0,0
"150","R_3LbwGB5jY4v2Hi5",46,1,1,4,4,0.4,0,0,0.538461538461538,0.323076923076923,13.0973076923077,NA,0,0
"151","R_2fpUYuvpZc7hfeR",18,0,1,4,5,0.6,0,1,0.153846153846154,0.569230769230769,8.90084615384615,NA,0,0
"152","R_12fKlLECgwF0NDe",25,0,0,3,1,0,0,0,0.384615384615385,0.492307692307692,10.1706923076923,NA,0,0
"153","R_Y4ysrIQ1Gqgqw8h",22,0,0,4,4,0.2,0.2,1,0.461538461538462,0.230769230769231,20.1487692307692,NA,0,0
"154","R_5sEfHinUXUiuFbP",38,1,1,4,3,0.4,0.2,1,0.384615384615385,0.261538461538462,6.28030769230769,NA,0,0
"155","R_3kNT5kFcHFCPJhT",32,0,0,4,4,0.4,0.2,1,0.692307692307692,0.461538461538462,15.1830769230769,NA,0,0
"156","R_1l42OqVwnYdxJ8f",54,0,1,4,2,1,0.6,0,0.692307692307692,0.892307692307692,15.5310769230769,NA,0,0
"157","R_23fwKuhlm4g9dwA",31,0,0,2,4,0.6,0.4,1,0.615384615384615,0.646153846153846,37.7407692307692,NA,0,0
"158","R_272JFncaVZ9WFdK",33,0,0,2,4,0.6,0.2,1,0.461538461538462,0.492307692307692,11.0703846153846,NA,0,0
"159","R_a4Y80TR5C45yB4B",19,0,1,3,3,0.6,0.4,1,0.615384615384615,0.676923076923077,28.131,NA,0,0
"160","R_2amByEI6KR7T1AS",54,1,0,5,4,0.2,0.2,0,0.307692307692308,0.553846153846154,24.5355384615385,NA,0,0
"161","R_eJXJ1RugnblJow9",20,0,0,4,4,0.8,0.2,0,0.461538461538462,0.707692307692308,13.2844615384615,NA,0,0
"162","R_1OEaXiF6Xs42rsn",48,1,0,2,4,0.4,0.6,0,0.461538461538462,0.415384615384615,9.964,NA,0,0
"163","R_1QtQoMjy78LyoDf",36,0,1,2,2,0.6,0.2,0,0.615384615384615,0.492307692307692,18.9154615384615,NA,0,0
"164","R_307OQjs96WIEAX4",33,1,1,4,2,0.6,0.2,1,0.692307692307692,0.692307692307692,13.0576153846154,NA,0,0
"165","R_yUtpzqHZBZbfO5r",46,1,0,4,3,0.2,0.2,1,0.384615384615385,0.215384615384615,16.8112307692308,NA,0,0
"166","R_2SDNwJSlNDzQKI4",38,0,0,4,3,0.6,0.6,1,0.538461538461538,0.569230769230769,15.1157692307692,NA,0,0
"167","R_2ygcqvOse7AxPfH",32,1,0,4,2,1,0.6,0,0.461538461538462,0.969230769230769,39.4224615384615,NA,0,0
"168","R_wUgyZabqSwDA4Y9",25,1,1,4,3,0.6,0.2,1,0.230769230769231,0.569230769230769,12.2906923076923,NA,0,0
"169","R_2E4NwdSazRP4TGE",18,0,0,3,2,0.2,0,0,0.538461538461538,0.446153846153846,13.3293076923077,NA,0,0
"170","R_3Dv90Lfjh1tTgL6",33,0,0,3,2,0.8,0,0,0.615384615384615,0.492307692307692,24.2067692307692,NA,0,0
"171","R_tLjwQQjei5qIBMt",58,1,1,4,4,0.2,0,0,0.307692307692308,0.415384615384615,19.9516923076923,NA,0,0
"172","R_2dzjMKw6OPvPipm",24,1,0,4,4,0.6,0,1,0.461538461538462,0.569230769230769,17.3575384615385,NA,0,0
"173","R_2So8JUQIsrbVu8K",29,0,1,4,4,0.4,0.2,1,0.461538461538462,0.384615384615385,16.7886923076923,NA,0,0
"174","R_1Iv1VxxfEO91KYT",19,0,0,4,1,0.2,0,1,0.384615384615385,0.215384615384615,14.9847692307692,NA,0,0
"175","R_3NWFiWcxIRu5vX2",18,0,1,4,2,0.4,0,0,0.230769230769231,0.4,29.2909230769231,NA,0,0
"176","R_Qg0pW0MrwzTlZvj",32,1,1,5,4,0.6,0.6,0,0.307692307692308,0.753846153846154,38.4278461538462,NA,0,0
"177","R_1BY4TZBPcDxBXCI",32,1,1,5,4,0.6,0.6,0,0.461538461538462,0.830769230769231,35.7847692307692,NA,0,0
"178","R_1pyUT2xKq7tDArL",36,0,1,5,1,0.4,0.4,1,0.615384615384615,0.446153846153846,28.7330769230769,NA,0,0
"179","R_10BJzh2xkqkXP9G",49,0,1,3,4,0.8,0.4,1,0.461538461538462,0.738461538461538,14.5693846153846,NA,0,0
"180","R_0wkGlbEsBo72LBv",34,1,1,2,3,0.2,0,1,0.538461538461538,0.323076923076923,31.8411538461538,NA,0,0
"181","R_1qUHBLbY2RlvVOV",25,0,0,2,3,0.6,0.2,1,0.538461538461538,0.523076923076923,22.5525384615385,NA,0,0
"182","R_QgY8hyXx0Pmc1dD",34,1,1,4,4,0.8,0.4,1,0.384615384615385,0.861538461538462,16.9250769230769,NA,0,0
"183","R_roGerEtWcV6TRNT",33,1,0,3,3,0.2,0.2,0,0.461538461538462,0.523076923076923,24.8544615384615,NA,0,0
"184","R_3jfxfISpaswm605",44,1,1,4,4,0.4,0.4,1,0.461538461538462,0.338461538461538,16.6422307692308,NA,0,0
"185","R_sNiUXsAQHUF0U9j",35,0,0,5,1,0.6,0.6,0,0.538461538461538,0.538461538461538,26.9738461538462,NA,0,0
"186","R_2uwzNn25d3H6Mu0",27,0,0,4,2,1,1,1,0.384615384615385,0.815384615384615,43.4139230769231,NA,0,0
"187","R_1OplfLWAJhmVrNk",57,1,0,4,4,0.6,0.2,1,0.538461538461538,0.523076923076923,84.0445384615385,NA,0,0
"188","R_3qsXvPziWMVXlCs",24,0,1,3,3,0.4,0.4,0,0.461538461538462,0.738461538461538,22.8166923076923,NA,0,0
"189","R_1o84p7QZFHNiUOh",31,1,1,4,1,0.4,0.4,1,0.615384615384615,0.384615384615385,14.8544615384615,NA,0,0
"190","R_OliIl76lWVWnUEp",37,0,0,4,4,0.4,0.2,1,0.307692307692308,0.569230769230769,15.4503846153846,NA,0,0
"191","R_C1C5ojO7jGgIqml",64,0,0,4,4,0.2,0,1,0.461538461538462,0.461538461538462,24.7576153846154,NA,0,0
"192","R_2vk6MQHU9u5Khfz",47,0,0,4,4,0.8,0.2,1,0.769230769230769,0.415384615384615,32.7255384615385,NA,0,0
"193","R_w5d7tiTJJco0Bxv",32,1,1,4,4,0.8,0,1,0.615384615384615,0.538461538461538,7.54669230769231,NA,0,0
"194","R_1HoVpK2zrJ4h2Da",45,1,0,2,4,0.6,0,1,0.461538461538462,0.6,113.133384615385,NA,0,0
"195","R_3Pe0OlQn2SyMRge",51,1,1,4,2,0.6,0.4,1,0.461538461538462,0.646153846153846,35.1704615384615,NA,0,0
"196","R_1floJHnSj3EIGBW",33,1,1,5,5,0.4,0.4,1,0.307692307692308,0.415384615384615,25.0015384615385,NA,0,0
"197","R_3smiF6LXktgnfF6",40,1,0,5,3,0.2,0.2,1,0.692307692307692,0.353846153846154,8.96984615384615,NA,0,0
"198","R_9z8DUlB3BC9anEB",40,1,1,4,4,0.4,0,1,0.615384615384615,0.338461538461538,9.426,NA,0,0
"199","R_3ND8S7eFPywQ0XG",25,0,0,3,4,0.6,0,0,0.615384615384615,0.553846153846154,11.2404615384615,NA,0,0
"200","R_1N2efRTviFlAoWu",25,1,0,2,4,0.6,0,1,0.461538461538462,0.615384615384615,21.6088461538462,NA,0,0
"201","R_3GqPPwHEwMIkCSF",51,1,0,4,1,0.6,0.2,1,0.538461538461538,0.8,609.761230769231,NA,0,0
"202","R_22mqvTFwijCFDOC",22,0,1,3,2,0.4,0.2,1,0.461538461538462,0.784615384615385,11.569,0.461538461538462,1,0
"203","R_vr9oYzUEhrjrmAF",58,1,0,2,4,0.2,0,0,0.538461538461538,0.615384615384615,9.10807692307692,0.461538461538462,1,0
"204","R_1eVGQkDn4wmTveD",18,0,0,3,3,0.6,0.4,0,0.692307692307692,0.630769230769231,12.2471538461538,0.476923076923077,1,1
"205","R_9SmL2ZpD54Eow3T",59,0,0,3,2,0.4,0,1,0.538461538461538,0.630769230769231,8.25076923076923,0.569230769230769,1,1
"206","R_2yegKpfProRdTHs",30,0,0,3,3,0.6,0.4,1,0.538461538461538,0.6,10.8459230769231,0.584615384615385,1,0
"207","R_3rSwlBik2Gfkh5B",30,1,0,5,4,0,0,1,0.538461538461538,0.384615384615385,6.29584615384615,0.476923076923077,1,0
"208","R_1EiEj4FyRqbuA40",24,1,1,5,5,0.4,0.2,1,0.615384615384615,0.630769230769231,7.43430769230769,0.630769230769231,1,1
"209","R_3iyQxtIShxHleOm",18,0,1,3,3,0.6,0.2,0,0.538461538461538,0.492307692307692,7.98930769230769,0.630769230769231,1,1
"210","R_3gTWxd8okkHqgWE",23,0,1,4,3,0.6,0,1,0.538461538461538,0.846153846153846,13.0240769230769,0.676923076923077,1,0
"211","R_0P91reh8CsGYQIV",21,0,1,4,1,0.4,0.2,1,0.461538461538462,0.692307692307692,7.36130769230769,0.6,1,0
"212","R_2WGM38KGUDeGLkc",20,0,0,4,2,0.8,0.6,0,0.692307692307692,0.707692307692308,5.74853846153846,0.507692307692308,1,1
"213","R_1K3CAo2kTuUk5pJ",31,1,1,4,4,0.8,0,1,0.615384615384615,0.630769230769231,5.71392307692308,0.584615384615385,1,0
"214","R_2aY973l52plt7Bv",21,0,0,2,2,0.4,0.4,1,0.615384615384615,0.953846153846154,6.24453846153846,0.953846153846154,1,1
"215","R_1N2EC9A3NcCumLn",23,0,1,2,3,0.4,0.2,1,0.692307692307692,0.661538461538462,5.18130769230769,0.769230769230769,1,0
"216","R_UxNdIEuBcSD4Jnr",26,1,1,2,5,0,0,1,0.461538461538462,0.369230769230769,7.77984615384615,0.307692307692308,1,0
"217","R_9XEw40pHMWQvsel",22,1,1,2,4,0.4,0,1,0.538461538461538,0.630769230769231,11.8932307692308,0.692307692307692,1,0
"218","R_2ClcZpBJkRng4bF",46,1,0,5,2,0.4,0.2,1,0.692307692307692,0.861538461538461,7.922,0.615384615384615,1,1
"219","R_w7z6QyyjQbmgn4t",26,1,0,2,3,0.4,0.2,0,0.692307692307692,0.507692307692308,6.347,0.646153846153846,1,1
"220","R_0CEZexeez6PmpY5",25,1,0,4,4,0.4,0,1,0.538461538461538,0.738461538461538,8.29461538461539,0.276923076923077,1,1
"221","R_wZSfcAGv5NaiceJ",33,1,1,2,2,0.4,0.2,1,0.692307692307692,0.615384615384615,7.05738461538462,0.646153846153846,1,1
"222","R_uknfXYnH7IEu6xb",41,0,1,4,4,0.2,0,1,0.615384615384615,0.646153846153846,9.74546153846154,0.815384615384615,1,1
"223","R_3KwJ0CY6mYNnCWX",30,0,1,3,2,0.4,0.4,0,0.692307692307692,0.707692307692308,9.27115384615385,0.461538461538462,1,1
"224","R_2VCRRO3FlQGg4yf",23,0,1,3,2,0.2,0,1,0.461538461538462,0.430769230769231,8.50961538461539,0.276923076923077,1,0
"225","R_3GllcSVAbWgPJc6",35,1,0,4,4,0.4,0,1,0.538461538461538,0.261538461538462,6.896,0.276923076923077,1,0
"226","R_PTHzERZQpfZFYLT",27,0,1,4,3,0.6,0,0,0.692307692307692,0.738461538461538,7.75823076923077,0.769230769230769,1,0
"227","R_XRkHP28XftIToGZ",20,0,0,3,4,0.6,0,1,0.461538461538462,0.523076923076923,6.80269230769231,0.384615384615385,1,0
"228","R_2Xii2SX9yhNcbdr",59,0,0,1,2,1,0.4,1,0.615384615384615,0.784615384615385,8.41523076923077,0.415384615384615,1,0
"229","R_2OOWqGVsHSMpKYP",23,0,1,4,2,0.4,0.2,1,0.538461538461538,0.461538461538462,9.51761538461538,0.261538461538462,1,1
"230","R_r9FFDydNduScHYZ",21,0,1,4,4,0.4,0,1,0.538461538461538,0.615384615384615,7.17546153846154,0.230769230769231,1,0
"231","R_21zzGKM7iwBK4ro",22,1,1,3,2,0.4,0.2,1,0.615384615384615,0.692307692307692,7.02,0.630769230769231,1,1
"232","R_27xRjOXD126VLMu",28,0,0,5,4,0.6,0.2,1,0.615384615384615,0.615384615384615,6.326,0.784615384615385,1,1
"233","R_1rluEh5Zo5QIoAJ",36,1,1,4,4,0.6,0,0,0.615384615384615,0.676923076923077,16.9683846153846,0.723076923076923,1,0
"234","R_3MDznKTUj3fvOxW",25,0,0,2,4,0.8,0.2,0,0.692307692307692,0.430769230769231,5.40507692307692,0.461538461538462,1,1
"235","R_1I4rKEIgLpt3GuB",38,0,1,2,3,0.4,0,0,0.769230769230769,0.784615384615385,12.6643846153846,0.738461538461538,1,1
"236","R_DpkR6vZ2iL5rMn7",20,0,1,3,2,0.4,0.2,1,0.384615384615385,0.523076923076923,6.88623076923077,0.584615384615385,1,0
"237","R_1QtlhAsDepwI9RN",19,0,1,1,4,0.6,0,1,0.615384615384615,0.615384615384615,6.21138461538462,0.6,1,0
"238","R_1F9rPW57TS2Nz7j",28,1,0,1,4,0.2,0,1,0.615384615384615,0.476923076923077,6.48984615384615,0.461538461538462,1,0
"239","R_3RkCeoxW3QHvbUE",25,1,1,3,NA,0.6,0.2,1,0.692307692307692,0.707692307692308,4.44569230769231,0.676923076923077,1,1
"240","R_2TEFTZFF7BLVxFe",18,0,0,4,2,0.4,0,1,0.615384615384615,0.615384615384615,5.48746153846154,0.523076923076923,1,1
"241","R_27JC9L7yPkmOEt5",29,1,1,4,2,0.4,0.4,1,0.615384615384615,0.784615384615385,4.77692307692308,0.784615384615385,1,0
"242","R_110gucIytMMzhRT",30,1,0,4,4,0.6,0,1,0.461538461538462,0.415384615384615,8.43892307692308,0.292307692307692,1,0
"243","R_6yDv4POVNnikrzH",25,0,0,3,4,0.6,0,1,0.615384615384615,0.476923076923077,5.818,0.538461538461538,1,0
"244","R_3Eh61fVL4wYbZBY",20,0,1,2,4,1,0,1,0.692307692307692,0.646153846153846,7.10246153846154,0.384615384615385,1,0
"245","R_1Kfj7417wIlqllb",27,1,1,3,2,0.6,0.2,1,0.692307692307692,0.753846153846154,10.7428461538462,0.553846153846154,1,1
"246","R_sHJu8Tm2ys4fFsZ",37,1,0,4,2,0.6,0.6,1,0.461538461538462,0.876923076923077,7.29915384615385,0.738461538461538,1,0
"247","R_31HNMw1wqj2Q5lP",24,1,1,4,4,0.6,0,1,0.615384615384615,0.723076923076923,8.22661538461538,0.492307692307692,1,1
"248","R_zVwVCcoJbKqVHyN",27,1,0,2,4,0.4,0.2,1,0.461538461538462,0.446153846153846,10.7215384615385,0.338461538461538,1,1
"249","R_PGVws6TJenVHYpr",39,1,1,5,2,0.8,0.6,1,0.615384615384615,0.523076923076923,10.0901538461538,0.538461538461538,1,1
"250","R_1FG34AxEY8JntO3",20,0,1,3,4,0,0,1,0.692307692307692,0.784615384615385,9.84815384615385,0.553846153846154,1,1
"251","R_3dTedqThDLeKo53",32,1,1,4,2,0.2,0,1,0.384615384615385,0.415384615384615,4.06546153846154,0.6,1,0
"252","R_1PS13gNhqWQkAzM",28,1,1,4,2,0.8,0.4,1,0.615384615384615,0.692307692307692,11.8226153846154,0.538461538461538,1,1
"253","R_XRFV1wd3KSh8w7L",41,1,0,3,5,0.2,0,1,0.538461538461538,0.123076923076923,9.41246153846154,0.369230769230769,1,0
"254","R_3D8ybG7SsU7w4jB",57,0,0,2,4,0.2,0.4,0,0.692307692307692,0.323076923076923,7.74038461538461,0.323076923076923,1,1
"255","R_tYXg6mdF9O0QPrX",40,0,0,4,2,0.4,0.4,1,0.538461538461538,0.661538461538462,13.4215384615385,0.615384615384615,1,0
"256","R_2dmOmqHlo0Qznkx",28,1,1,2,4,0.6,0,1,0.538461538461538,0.738461538461538,4.49576923076923,0.276923076923077,1,0
"257","R_31hMAot4jDSGS6Z",25,0,0,3,1,0.4,0,1,0.692307692307692,0.676923076923077,12.3527692307692,0.630769230769231,1,1
"258","R_3e2LsfjPy5BKRbC",28,1,0,2,4,0.8,0.2,0,0.692307692307692,0.738461538461538,7.62069230769231,0.476923076923077,1,0
"259","R_2cCNyQR8fYD8N5U",21,0,1,4,3,0.6,0.2,1,0.615384615384615,0.553846153846154,10.1094615384615,0.661538461538462,1,1
"260","R_yllLgeMlqTZDhLj",21,0,1,4,1,0.6,0,1,0.538461538461538,0.523076923076923,9.76892307692308,0.2,1,0
"261","R_3m2Z9IOpTigHrSU",31,0,1,4,2,0.2,0.2,0,0.769230769230769,0.492307692307692,8.00692307692308,0.615384615384615,1,1
"262","R_2RTYSLuS7jIV3VC",54,1,1,4,4,0.6,0.4,0,0.692307692307692,0.553846153846154,7.679,0.630769230769231,1,0
"263","R_2s7kl891Z9GBUWa",30,1,0,4,2,1,0.4,1,0.615384615384615,0.8,16.3261538461538,0.692307692307692,1,0
"264","R_2Y9h1b2E4GDjGlY",48,1,1,4,3,0.2,0,0,0.615384615384615,0.584615384615385,5.175,0.661538461538462,1,1
"265","R_2Ynup9mzbRziFag",20,0,1,2,4,0.2,0,1,0.615384615384615,0.492307692307692,10.6790769230769,0.492307692307692,1,1
"266","R_1hM6wa9kSUNH1Ep",27,1,0,2,4,0.6,0.2,0,0.692307692307692,0.769230769230769,15.6239230769231,0.646153846153846,1,1
"267","R_3dWI2pcrQ6pgWQW",23,0,1,3,2,0.4,0.2,1,0.615384615384615,0.707692307692308,5.41046153846154,0.661538461538462,1,0
"268","R_3O0wOumB2iXWwql",29,1,0,4,4,0.8,0,1,0.615384615384615,0.630769230769231,7.76230769230769,0.461538461538462,1,1
"269","R_2rBAY208NsMD2IE",28,1,0,2,4,0.6,0.8,1,0.692307692307692,0.876923076923077,5.17330769230769,0.523076923076923,1,0
"270","R_3Ei0VFuFY8NRNYI",34,1,1,3,4,0.6,0,1,0.692307692307692,0.523076923076923,22.2571538461538,0.569230769230769,1,1
"271","R_1g2sU5O3CsO3QFi",25,1,1,2,3,0.4,0.2,0,0.538461538461538,0.784615384615385,6.36046153846154,0.430769230769231,1,1
"272","R_3CUcOioBR7jsEmr",25,0,0,4,2,0.2,0.4,1,0.692307692307692,0.676923076923077,11.0561538461538,0.753846153846154,1,0
"273","R_2VxRm60qNqWMzvG",20,0,1,5,2,0.6,0.6,0,0.615384615384615,0.707692307692308,6.32676923076923,0.646153846153846,1,1
"274","R_1F5jopdza3Q288l",21,0,1,4,3,0.8,0,1,0.769230769230769,0.784615384615385,6.73292307692308,0.661538461538462,1,1
"275","R_1JRW0tZ4nfhwGDs",22,1,0,5,4,0.4,0,0,0.615384615384615,0.769230769230769,5.24723076923077,0.769230769230769,1,1
"276","R_b8ZWwSxP0PUf2y5",38,0,1,4,3,0.4,0,1,0.615384615384615,0.6,9.68861538461539,0.630769230769231,1,0
"277","R_31KpSuswjU9fRyK",28,0,0,4,2,0.8,0.4,0,0.692307692307692,0.707692307692308,9.89592307692308,0.507692307692308,1,1
"278","R_1FbQTuGHERv9hNh",20,0,1,5,4,0,0,1,0.615384615384615,0.815384615384615,7.32730769230769,0.769230769230769,1,1
"279","R_1EWnWzzjUzi0F4p",41,0,1,4,4,1,1,0,0.615384615384615,0.892307692307692,11.1724615384615,0.8,1,0
"280","R_3eHLwPbxKYA02rv",21,0,0,2,4,0.6,0.2,1,0.538461538461538,0.523076923076923,7.93292307692308,0.584615384615385,1,1
"281","R_1lB0UmQ0EKn17Kt",20,0,1,5,4,0.6,0.2,1,0.615384615384615,0.6,9.52953846153846,0.738461538461538,1,1
"282","R_1Injgg4T1mfn5VB",56,1,0,4,4,0.2,0.2,0,0.307692307692308,0.569230769230769,16.0007692307692,0.307692307692308,1,0
"283","R_UrUGrUYwcUzf9n3",24,0,1,4,3,0.2,0.2,1,0.692307692307692,0.523076923076923,7.64138461538461,0.615384615384615,1,1
"284","R_x5Rs1GxD4ju4N7r",38,1,1,3,4,0.6,0.6,1,0.692307692307692,0.476923076923077,8.89784615384615,0.569230769230769,1,0
"285","R_2uOLjZoSRPwCzMO",39,0,1,5,1,0.2,0.4,1,0.538461538461538,0.830769230769231,11.1564615384615,0.8,1,0
"286","R_svqMr55RTvSq9Tb",32,1,0,4,2,0.8,0.2,1,0.615384615384615,0.707692307692308,9.08184615384615,0.523076923076923,1,1
"287","R_1JVhO3JZuxaPwDj",37,1,0,2,4,0.4,0,1,0.538461538461538,0.415384615384615,5.92961538461538,0.384615384615385,1,0
"288","R_2nq062m405bPwLn",32,0,1,4,3,0.6,0.4,1,0.692307692307692,0.692307692307692,4.25692307692308,0.615384615384615,1,0
"289","R_3hu8aeWZDOaF2xr",29,0,1,4,5,0,0,1,0.615384615384615,0.784615384615385,8.81053846153846,0.846153846153846,1,1
"290","R_1f4bLhhQdj8vfBF",34,0,1,4,3,0.2,0.2,1,0.692307692307692,0.476923076923077,5.95853846153846,0.446153846153846,1,1
"291","R_3QJiOABg22on0Wi",24,1,0,4,2,0.4,0.2,1,0.615384615384615,0.584615384615385,6.38915384615385,0.753846153846154,1,0
"292","R_tQKevyemPIwqr2p",41,1,0,4,2,0.6,0.2,1,0.615384615384615,0.676923076923077,6.59707692307692,0.861538461538461,1,0
"293","R_2B8VbVp8QXPiZTJ",35,0,1,3,4,0.4,0,1,0.538461538461538,0.4,9.43807692307692,0.292307692307692,1,0
"294","R_1PTsrMRaxBVJ3Li",32,1,1,4,3,0.4,0,1,0.692307692307692,0.615384615384615,7.03069230769231,0.707692307692308,1,1
"295","R_2fATs8WTUoK2c5C",20,0,0,3,4,0.6,0.2,1,0.615384615384615,0.876923076923077,5.01023076923077,0.553846153846154,1,0
"296","R_DdTjh74QzXNHIaZ",36,0,0,4,3,0.6,0.2,1,0.615384615384615,0.476923076923077,10.3294615384615,0.8,1,1
"297","R_vITXm5mp1EtaDLP",34,1,0,2,4,0.4,0,1,0.615384615384615,0.769230769230769,7.94807692307692,0.769230769230769,1,1
"298","R_2ZNWWm7JSRn4WSU",20,0,0,4,2,0.6,0.4,1,0.615384615384615,0.738461538461538,6.93484615384615,0.507692307692308,1,1
"299","R_2ScxbuZLpxXGhZB",36,0,0,5,2,0,0,0,0.692307692307692,0.815384615384615,8.58215384615385,0.892307692307692,1,1
"300","R_6Yktf5yRyYQq5CV",33,1,0,4,4,0.6,0,1,0.769230769230769,0.538461538461538,5.01192307692308,0.707692307692308,1,0
"301","R_2cBhg2q86tKTvOY",26,1,0,2,3,1,0.2,0,0.692307692307692,0.338461538461538,6.74515384615385,0.292307692307692,1,1
"302","R_1fjyKx3MpvlArLz",20,0,0,4,4,0.8,0.2,1,0.692307692307692,0.676923076923077,9.61653846153846,0.584615384615385,1,0
"303","R_2xUXdzK9YkR2JC7",20,0,0,3,4,0.4,0,1,0.769230769230769,0.569230769230769,12.0313076923077,0.384615384615385,1,1
"304","R_2e4jjNhizs8CCEJ",22,1,0,4,3,0.2,0,1,0.692307692307692,0.723076923076923,6.46776923076923,0.784615384615385,1,0
"305","R_1118Q5jQdKSYqCf",31,1,1,4,4,0.4,0.2,1,0.615384615384615,0.6,13.3507692307692,0.538461538461538,1,0
"306","R_3G7XoU6W2Rpc07a",19,0,1,4,3,0.8,0.4,0,0.692307692307692,0.769230769230769,7.70169230769231,0.615384615384615,1,1
"307","R_1jIjvIpE80Qg7Th",42,1,1,2,4,0.2,0,1,0.538461538461538,0.692307692307692,4.36115384615385,0.753846153846154,1,0
"308","R_2cvH21TruCbSnrh",46,1,0,4,4,0.2,0,1,0.615384615384615,0.615384615384615,11.9253076923077,0.938461538461538,1,0
"309","R_3iybB6S0OqfYsir",30,0,1,4,3,0.4,0,1,0.692307692307692,0.738461538461538,5.98807692307692,0.707692307692308,1,1
"310","R_w6tKRNDOUb7NFSN",23,0,1,5,2,0.6,0.4,1,0.615384615384615,0.630769230769231,8.17761538461538,0.676923076923077,1,1
"311","R_3Pdx2J4VK1deDv2",56,0,1,1,1,0.2,0,1,0.384615384615385,0.4,8.93769230769231,0,1,0
"312","R_3rY7Dy21ENawstb",18,0,1,5,2,0.4,0,1,0.538461538461538,0.769230769230769,6.53923076923077,0.692307692307692,1,1
"313","R_3kFYnZ6hDbkfb3c",30,1,0,2,2,1,0,0,0.692307692307692,0.846153846153846,7.86915384615385,0.446153846153846,1,1
"314","R_3fv10VMtORusggP",22,1,1,4,4,0.4,0,1,0.692307692307692,0.815384615384615,13.7720769230769,0.676923076923077,1,0
"315","R_2tJQLagG2M6QdOa",36,1,1,2,4,0.2,0,1,0.538461538461538,0.4,12.8493076923077,0.307692307692308,1,1
"316","R_1OUhaHX2ruEcKJT",27,0,0,3,4,0.6,0.4,0,0.615384615384615,0.261538461538462,6.24069230769231,0.492307692307692,1,1
"317","R_1Q48jAD4pTY0iwE",38,1,0,4,5,0.2,0,1,0.384615384615385,0.476923076923077,7.44907692307692,0.430769230769231,1,0
"318","R_29ay5nG6FZMFmIO",27,1,1,4,5,0.2,0,1,0.615384615384615,0.430769230769231,5.19884615384615,0.584615384615385,1,0
"319","R_1kZXPjgdTdh1AjP",20,0,0,2,2,0.6,0,1,0.538461538461538,0.630769230769231,10.8067692307692,0.646153846153846,1,1
"320","R_SMYK1tVcbNmEcTL",23,1,0,2,4,0.4,0,1,0.461538461538462,0.538461538461538,9.58292307692308,0.523076923076923,1,0
"321","R_1pVVZ3s1CXu4QaD",36,1,1,4,4,0.4,0,1,0.692307692307692,0.738461538461538,12.7902307692308,0.769230769230769,1,0
"322","R_1gdxr3201bY7lCK",18,0,0,2,4,0.2,0.4,1,0.769230769230769,0.492307692307692,6.006,0.430769230769231,1,0
"323","R_3OcZLD9v026y7mT",22,1,0,4,4,0.4,0.2,1,0.538461538461538,0.846153846153846,9.314,0.723076923076923,1,0
"324","R_2DSqmhukIDHwKq0",18,0,1,5,4,0.4,0.4,1,0.538461538461538,0.723076923076923,7.19169230769231,0.707692307692308,1,1
"325","R_2S2MzXJuLzJTOFy",31,0,0,5,4,0.2,0,1,0.692307692307692,0.261538461538462,14.6160769230769,0.384615384615385,1,0
"326","R_1nOZBpHU8HVRcH4",39,1,0,4,2,0.4,0.2,1,0.769230769230769,0.369230769230769,5.03153846153846,0.384615384615385,1,0
"327","R_3PN5vXNaw42oN8v",38,1,1,4,4,0.8,0.2,0,0.615384615384615,0.738461538461538,5.08892307692308,0.584615384615385,1,1
"328","R_6s2aZB6FLy5MkCt",21,0,0,4,3,0.2,0.2,1,0.692307692307692,0.446153846153846,10.4349230769231,0.415384615384615,1,0
"329","R_115550r3jsDbEz3",52,1,0,4,4,0.4,0.2,1,0.615384615384615,0.461538461538462,8.77207692307692,0.446153846153846,1,1
"330","R_3RykCmjgM2Us0yf",26,1,0,4,4,0.4,0.2,1,0.692307692307692,0.738461538461538,10.7346153846154,0.815384615384615,1,0
"331","R_2QMz6qy0Rw9fREh",36,1,1,2,2,0.6,0,0,0.615384615384615,0.846153846153846,4.83846153846154,0.738461538461538,1,1
"332","R_2OIUJ9msNibA5yl",31,0,1,4,4,0.6,0.2,0,0.461538461538462,0.630769230769231,4.97669230769231,0.692307692307692,1,1
"333","R_3sdHLxIfsyO8mug",27,0,1,4,2,0.6,0.4,0,0.692307692307692,0.415384615384615,5.65053846153846,0.492307692307692,1,1
"334","R_2agDKb9RVaB7Fmr",38,0,1,4,2,0.6,0.4,1,0.615384615384615,0.661538461538462,7.04430769230769,0.584615384615385,1,1
"335","R_3ERXkInRZ4NtkC1",51,1,0,2,4,0.4,0.2,1,0.615384615384615,0.753846153846154,8.00553846153846,0.415384615384615,1,1
"336","R_wYU8Ay6n4JYZCWl",23,1,0,2,4,0.4,0,1,0.692307692307692,0.507692307692308,6.891,0.430769230769231,1,1
"337","R_3kjGeZPZPhdUmWe",32,0,0,4,3,0.8,0,0,0.538461538461538,0.476923076923077,9.17846153846154,0.307692307692308,1,0
"338","R_2YxhIfMLMuBu5Yw",50,0,1,5,2,1,0.6,0,0.615384615384615,0.661538461538462,13.3783846153846,0.907692307692308,1,0
"339","R_2ygfLUFaggmBQaK",55,1,1,5,5,0.2,0.2,0,0.615384615384615,0.661538461538462,7.827,0.6,1,1
"340","R_2TYkTN8cgPC5ukE",21,1,1,4,3,0.6,0,1,0.461538461538462,0.615384615384615,9.53807692307692,0.338461538461538,1,0
"341","R_p3rnbbpcsldDCsp",41,0,0,4,2,0.8,0,1,0.692307692307692,0.553846153846154,13.8636153846154,0.446153846153846,1,1
"342","R_2sdpWvbS4vVLQYY",28,0,0,4,4,0.4,0,1,0.692307692307692,0.369230769230769,9.19315384615385,0.430769230769231,1,1
"343","R_bCuE4HUBiyUmrmx",31,1,0,1,4,0.8,0.6,1,0.692307692307692,0.507692307692308,6.42284615384615,0.169230769230769,1,0
"344","R_vGrVNIqJgvPHmYp",23,1,0,2,4,0,0,1,0.692307692307692,0.430769230769231,11.7696153846154,0.492307692307692,1,1
"345","R_9TvQFQN6JowGJbz",42,1,0,NA,3,0.6,0.2,1,0.615384615384615,0.769230769230769,11.9213846153846,0.815384615384615,1,0
"346","R_2fjJvTfW1wxZm0c",20,0,0,2,4,0.2,0.2,1,0.615384615384615,0.630769230769231,24.8884615384615,0.584615384615385,1,1
"347","R_3KMw41QeLaG8F5G",19,0,0,4,2,0.6,0.6,1,0.615384615384615,0.738461538461538,8.31130769230769,0.615384615384615,1,0
"348","R_26a7Z2nt3ik3UYi",28,0,0,4,4,0.4,0,1,0.692307692307692,0.661538461538462,16.7950769230769,0.6,1,0
"349","R_3IbpMYJLNBPTLlE",22,0,0,4,2,0.4,0.6,1,0.615384615384615,0.738461538461538,5.914,0.861538461538461,1,0
"350","R_3hEMc65WpXlRZpg",29,1,0,4,2,0.2,0,1,0.615384615384615,0.4,10.3273076923077,0.415384615384615,1,0
"351","R_3LbwGB5jY4v2Hi5",46,1,1,4,4,0.4,0,0,0.615384615384615,0.538461538461538,8.476,0.553846153846154,1,1
"352","R_2fpUYuvpZc7hfeR",18,0,1,4,5,0.6,0,1,0.461538461538462,0.538461538461538,6.41438461538462,0.646153846153846,1,0
"353","R_12fKlLECgwF0NDe",25,0,0,3,1,0,0,0,0.384615384615385,0.661538461538462,9.86938461538461,0.553846153846154,1,1
"354","R_Y4ysrIQ1Gqgqw8h",22,0,0,4,4,0.2,0.2,1,0.615384615384615,0.353846153846154,10.4478461538462,0.276923076923077,1,1
"355","R_5sEfHinUXUiuFbP",38,1,1,4,3,0.4,0.2,1,0.615384615384615,0.692307692307692,4.70792307692308,0.738461538461538,1,1
"356","R_3kNT5kFcHFCPJhT",32,0,0,4,4,0.4,0.2,1,0.692307692307692,0.661538461538462,18.6503846153846,0.584615384615385,1,0
"357","R_1l42OqVwnYdxJ8f",54,0,1,4,2,1,0.6,0,0.692307692307692,0.769230769230769,7.07153846153846,0.753846153846154,1,0
"358","R_23fwKuhlm4g9dwA",31,0,0,2,4,0.6,0.4,1,0.538461538461538,0.676923076923077,6.88030769230769,0.661538461538462,1,0
"359","R_272JFncaVZ9WFdK",33,0,0,2,4,0.6,0.2,1,0.615384615384615,0.6,10.1028461538462,0.492307692307692,1,1
"360","R_a4Y80TR5C45yB4B",19,0,1,3,3,0.6,0.4,1,0.615384615384615,0.723076923076923,12.3207692307692,0.661538461538462,1,1
"361","R_2amByEI6KR7T1AS",54,1,0,5,4,0.2,0.2,0,0.615384615384615,0.938461538461538,6.65507692307692,0.953846153846154,1,1
"362","R_eJXJ1RugnblJow9",20,0,0,4,4,0.8,0.2,0,0.538461538461538,0.707692307692308,16.6017692307692,0.384615384615385,1,1
"363","R_1OEaXiF6Xs42rsn",48,1,0,2,4,0.4,0.6,0,0.692307692307692,0.615384615384615,8.40730769230769,0.507692307692308,1,0
"364","R_1QtQoMjy78LyoDf",36,0,1,2,2,0.6,0.2,0,0.615384615384615,0.615384615384615,12.7333846153846,0.569230769230769,1,1
"365","R_307OQjs96WIEAX4",33,1,1,4,2,0.6,0.2,1,0.692307692307692,0.707692307692308,11.5756153846154,0.676923076923077,1,0
"366","R_yUtpzqHZBZbfO5r",46,1,0,4,3,0.2,0.2,1,0.461538461538462,0.292307692307692,13.1091538461538,0.415384615384615,1,1
"367","R_2SDNwJSlNDzQKI4",38,0,0,4,3,0.6,0.6,1,0.615384615384615,0.692307692307692,11.2586923076923,0.692307692307692,1,0
"368","R_2ygcqvOse7AxPfH",32,1,0,4,2,1,0.6,0,0.384615384615385,0.907692307692308,13.9779230769231,0.584615384615385,1,0
"369","R_wUgyZabqSwDA4Y9",25,1,1,4,3,0.6,0.2,1,0.615384615384615,0.769230769230769,12.5403846153846,0.769230769230769,1,1
"370","R_2E4NwdSazRP4TGE",18,0,0,3,2,0.2,0,0,0.538461538461538,0.415384615384615,11.5273076923077,0.261538461538462,1,0
"371","R_3Dv90Lfjh1tTgL6",33,0,0,3,2,0.8,0,0,0.769230769230769,0.692307692307692,10.9231538461538,0.615384615384615,1,1
"372","R_tLjwQQjei5qIBMt",58,1,1,4,4,0.2,0,0,0.615384615384615,0.676923076923077,16.542,0.723076923076923,1,1
"373","R_2dzjMKw6OPvPipm",24,1,0,4,4,0.6,0,1,0.538461538461538,0.892307692307692,11.4354615384615,0.492307692307692,1,0
"374","R_2So8JUQIsrbVu8K",29,0,1,4,4,0.4,0.2,1,0.692307692307692,0.661538461538462,15.8157692307692,0.569230769230769,1,1
"375","R_1Iv1VxxfEO91KYT",19,0,0,4,1,0.2,0,1,0.615384615384615,0.569230769230769,19.4953846153846,0.646153846153846,1,1
"376","R_3NWFiWcxIRu5vX2",18,0,1,4,2,0.4,0,0,0.461538461538462,0.584615384615385,6.86776923076923,0.646153846153846,1,1
"377","R_Qg0pW0MrwzTlZvj",32,1,1,5,4,0.6,0.6,0,0.615384615384615,0.923076923076923,18.3035384615385,0.953846153846154,1,0
"378","R_1BY4TZBPcDxBXCI",32,1,1,5,4,0.6,0.6,0,0.615384615384615,0.923076923076923,12.8988461538462,0.984615384615385,1,1
"379","R_1pyUT2xKq7tDArL",36,0,1,5,1,0.4,0.4,1,0.692307692307692,0.6,22.5351538461538,0.753846153846154,1,0
"380","R_10BJzh2xkqkXP9G",49,0,1,3,4,0.8,0.4,1,0.615384615384615,0.676923076923077,11.9168461538462,0.461538461538462,1,1
"381","R_0wkGlbEsBo72LBv",34,1,1,2,3,0.2,0,1,0.615384615384615,0.415384615384615,30.3656923076923,0.292307692307692,1,0
"382","R_1qUHBLbY2RlvVOV",25,0,0,2,3,0.6,0.2,1,0.769230769230769,0.723076923076923,17.5168461538462,0.692307692307692,1,0
"383","R_QgY8hyXx0Pmc1dD",34,1,1,4,4,0.8,0.4,1,0.384615384615385,0.815384615384615,16.261,0.292307692307692,1,0
"384","R_roGerEtWcV6TRNT",33,1,0,3,3,0.2,0.2,0,0.692307692307692,0.6,15.8341538461538,0.507692307692308,1,1
"385","R_3jfxfISpaswm605",44,1,1,4,4,0.4,0.4,1,0.615384615384615,0.523076923076923,10.3365384615385,0.646153846153846,1,1
"386","R_sNiUXsAQHUF0U9j",35,0,0,5,1,0.6,0.6,0,0.615384615384615,0.507692307692308,29.4020769230769,0.523076923076923,1,0
"387","R_2uwzNn25d3H6Mu0",27,0,0,4,2,1,1,1,0.538461538461538,0.738461538461538,5.52423076923077,0.723076923076923,1,0
"388","R_1OplfLWAJhmVrNk",57,1,0,4,4,0.6,0.2,1,0.692307692307692,0.738461538461538,10.1746923076923,0.723076923076923,1,0
"389","R_3qsXvPziWMVXlCs",24,0,1,3,3,0.4,0.4,0,0.615384615384615,0.876923076923077,33.5018461538462,0.615384615384615,1,1
"390","R_1o84p7QZFHNiUOh",31,1,1,4,1,0.4,0.4,1,0.692307692307692,0.723076923076923,5.733,0.692307692307692,1,1
"391","R_OliIl76lWVWnUEp",37,0,0,4,4,0.4,0.2,1,0.538461538461538,0.523076923076923,13.7477692307692,0.523076923076923,1,1
"392","R_C1C5ojO7jGgIqml",64,0,0,4,4,0.2,0,1,0.692307692307692,0.553846153846154,15.6605384615385,0.369230769230769,1,1
"393","R_2vk6MQHU9u5Khfz",47,0,0,4,4,0.8,0.2,1,0.846153846153846,0.507692307692308,21.5291538461538,0.353846153846154,1,0
"394","R_w5d7tiTJJco0Bxv",32,1,1,4,4,0.8,0,1,0.615384615384615,0.692307692307692,10.7207692307692,0.523076923076923,1,0
"395","R_1HoVpK2zrJ4h2Da",45,1,0,2,4,0.6,0,1,0.769230769230769,0.646153846153846,21.9750769230769,0.523076923076923,1,0
"396","R_3Pe0OlQn2SyMRge",51,1,1,4,2,0.6,0.4,1,0.461538461538462,0.738461538461538,23.2043846153846,0.461538461538462,1,0
"397","R_1floJHnSj3EIGBW",33,1,1,5,5,0.4,0.4,1,0.615384615384615,0.6,29.4275384615385,0.830769230769231,1,0
"398","R_3smiF6LXktgnfF6",40,1,0,5,3,0.2,0.2,1,0.615384615384615,0.692307692307692,5.13938461538461,0.953846153846154,1,0
"399","R_9z8DUlB3BC9anEB",40,1,1,4,4,0.4,0,1,0.538461538461538,0.6,7.82792307692308,0.723076923076923,1,0
"400","R_3ND8S7eFPywQ0XG",25,0,0,3,4,0.6,0,0,0.692307692307692,0.646153846153846,9.34907692307692,0.569230769230769,1,1
"401","R_1N2efRTviFlAoWu",25,1,0,2,4,0.6,0,1,0.461538461538462,0.538461538461538,17.4354615384615,0.461538461538462,1,1
"402","R_3GqPPwHEwMIkCSF",51,1,0,4,1,0.6,0.2,1,0.692307692307692,0.892307692307692,9.38130769230769,0.707692307692308,1,1
