"","ResponseId","age","college","male_num","AI_trust_num","Task_diff_num","Dmn_know_a_num","Dmn_know_p_num","atn_ch1_num","atn_ch2_num","atn_ch3_num","atn_ch_sum","atn_ch","accuracy","confidence","time_taken","AI_use","AI","bar"
"1","R_22mqvTFwijCFDOC",22,0,1,3,2,0.4,0.2,1,1,1,3,1,0.34375,0.5,9.136375,NA,0,0
"2","R_vr9oYzUEhrjrmAF",58,1,0,2,4,0.2,0,0,1,1,2,0,0.25,0.4625,12.4033125,NA,0,0
"3","R_1eVGQkDn4wmTveD",18,0,0,3,3,0.6,0.4,1,0,1,2,0,0.25,0.34375,14.801,NA,0,0
"4","R_9SmL2ZpD54Eow3T",59,0,0,3,2,0.4,0,1,1,1,3,1,0.375,0.3625,11.89215625,NA,0,0
"5","R_2yegKpfProRdTHs",30,0,0,3,3,0.6,0.4,1,1,1,3,1,0.34375,0.45625,13.32778125,NA,0,0
"6","R_3rSwlBik2Gfkh5B",30,1,0,5,4,0,0,1,1,1,3,1,0.28125,0.225,10.9364375,NA,0,0
"7","R_1EiEj4FyRqbuA40",24,1,1,5,5,0.4,0.2,1,1,1,3,1,0.3125,0.44375,11.731375,NA,0,0
"8","R_3iyQxtIShxHleOm",18,0,1,3,3,0.6,0.2,1,1,0,2,0,0.34375,0.2875,9.80715625,NA,0,0
"9","R_3gTWxd8okkHqgWE",23,0,1,4,3,0.6,0,1,1,1,3,1,0.375,0.6,12.15096875,NA,0,0
"10","R_0P91reh8CsGYQIV",21,0,1,4,1,0.4,0.2,1,1,1,3,1,0.3125,0.60625,12.11978125,NA,0,0
"11","R_2WGM38KGUDeGLkc",20,0,0,4,2,0.8,0.6,1,0,0,1,0,0.46875,0.60625,8.51265625,NA,0,0
"12","R_1K3CAo2kTuUk5pJ",31,1,1,4,4,0.8,0,1,1,1,3,1,0.21875,0.5,8.27846875,NA,0,0
"13","R_2aY973l52plt7Bv",21,0,0,2,2,0.4,0.4,1,1,1,3,1,0.40625,0.48125,7.504375,NA,0,0
"14","R_1N2EC9A3NcCumLn",23,0,1,2,3,0.4,0.2,1,1,1,3,1,0.3125,0.3375,9.243,NA,0,0
"15","R_UxNdIEuBcSD4Jnr",26,1,1,2,5,0,0,1,1,1,3,1,0.3125,0.2625,7.48403125,NA,0,0
"16","R_9XEw40pHMWQvsel",22,1,1,2,4,0.4,0,1,1,1,3,1,0.34375,0.5,8.53634375,NA,0,0
"17","R_2ClcZpBJkRng4bF",46,1,0,5,2,0.4,0.2,1,1,1,3,1,0.53125,0.4125,12.20903125,NA,0,0
"18","R_w7z6QyyjQbmgn4t",26,1,0,2,3,0.4,0.2,1,0,1,2,0,0.34375,0.26875,7.6179375,NA,0,0
"19","R_0CEZexeez6PmpY5",25,1,0,4,4,0.4,0,1,1,1,3,1,0.3125,0.60625,8.7386875,NA,0,0
"20","R_wZSfcAGv5NaiceJ",33,1,1,2,2,0.4,0.2,1,1,1,3,1,0.4375,0.4375,10.37846875,NA,0,0
"21","R_uknfXYnH7IEu6xb",41,0,1,4,4,0.2,0,1,1,1,3,1,0.34375,0.35,13.18021875,NA,0,0
"22","R_3KwJ0CY6mYNnCWX",30,0,1,3,2,0.4,0.4,1,0,1,2,0,0.5,0.44375,11.9759375,NA,0,0
"23","R_2VCRRO3FlQGg4yf",23,0,1,3,2,0.2,0,1,1,1,3,1,0.375,0.2625,13.32121875,NA,0,0
"24","R_3GllcSVAbWgPJc6",35,1,0,4,4,0.4,0,1,1,1,3,1,0.40625,0.25,9.78484375,NA,0,0
"25","R_PTHzERZQpfZFYLT",27,0,1,4,3,0.6,0,1,0,1,2,0,0.40625,0.4125,11.752125,NA,0,0
"26","R_XRkHP28XftIToGZ",20,0,0,3,4,0.6,0,1,1,1,3,1,0.34375,0.5,6.40578125,NA,0,0
"27","R_2Xii2SX9yhNcbdr",59,0,0,1,2,1,0.4,1,1,1,3,1,0.34375,0.6125,15.17415625,NA,0,0
"28","R_2OOWqGVsHSMpKYP",23,0,1,4,2,0.4,0.2,1,1,1,3,1,0.375,0.3625,21.645125,NA,0,0
"29","R_r9FFDydNduScHYZ",21,0,1,4,4,0.4,0,1,1,1,3,1,0.40625,0.4,13.6064375,NA,0,0
"30","R_21zzGKM7iwBK4ro",22,1,1,3,2,0.4,0.2,1,1,1,3,1,0.4375,0.35625,10.69884375,NA,0,0
"31","R_27xRjOXD126VLMu",28,0,0,5,4,0.6,0.2,1,1,1,3,1,0.28125,0.3,8.33275,NA,0,0
"32","R_1rluEh5Zo5QIoAJ",36,1,1,4,4,0.6,0,0,1,1,2,0,0.25,0.34375,12.68840625,NA,0,0
"33","R_3MDznKTUj3fvOxW",25,0,0,2,4,0.8,0.2,1,0,1,2,0,0.375,0.3875,6.31634375,NA,0,0
"34","R_1I4rKEIgLpt3GuB",38,0,1,2,3,0.4,0,1,0,1,2,0,0.3125,0.625,13.70834375,NA,0,0
"35","R_DpkR6vZ2iL5rMn7",20,0,1,3,2,0.4,0.2,1,1,1,3,1,0.1875,0.38125,9.17940625,NA,0,0
"36","R_1QtlhAsDepwI9RN",19,0,1,1,4,0.6,0,1,1,1,3,1,0.28125,0.425,5.79525,NA,0,0
"37","R_1F9rPW57TS2Nz7j",28,1,0,1,4,0.2,0,1,1,1,3,1,0.375,0.2625,8.24975,NA,0,0
"38","R_3RkCeoxW3QHvbUE",25,1,1,3,NA,0.6,0.2,1,1,1,3,1,0.3125,0.6375,11.78140625,NA,0,0
"39","R_2TEFTZFF7BLVxFe",18,0,0,4,2,0.4,0,1,1,1,3,1,0.3125,0.49375,5.751,NA,0,0
"40","R_27JC9L7yPkmOEt5",29,1,1,4,2,0.4,0.4,1,1,1,3,1,0.34375,0.5125,9.36203125,NA,0,0
"41","R_110gucIytMMzhRT",30,1,0,4,4,0.6,0,1,1,1,3,1,0.375,0.3,11.003375,NA,0,0
"42","R_6yDv4POVNnikrzH",25,0,0,3,4,0.6,0,1,1,1,3,1,0.34375,0.325,12.7828125,NA,0,0
"43","R_3Eh61fVL4wYbZBY",20,0,1,2,4,1,0,1,1,1,3,1,0.4375,0.43125,13.90490625,NA,0,0
"44","R_1Kfj7417wIlqllb",27,1,1,3,2,0.6,0.2,1,1,1,3,1,0.46875,0.5125,10.64515625,NA,0,0
"45","R_sHJu8Tm2ys4fFsZ",37,1,0,4,2,0.6,0.6,1,1,1,3,1,0.375,0.73125,11.15115625,NA,0,0
"46","R_31HNMw1wqj2Q5lP",24,1,1,4,4,0.6,0,1,1,1,3,1,0.4375,0.35625,12.23909375,NA,0,0
"47","R_zVwVCcoJbKqVHyN",27,1,0,2,4,0.4,0.2,1,1,1,3,1,0.34375,0.29375,8.3270625,NA,0,0
"48","R_PGVws6TJenVHYpr",39,1,1,5,2,0.8,0.6,1,1,1,3,1,0.4375,0.29375,15.39590625,NA,0,0
"49","R_1FG34AxEY8JntO3",20,0,1,3,4,0,0,1,1,1,3,1,0.1875,0.45,8.1220625,NA,0,0
"50","R_3dTedqThDLeKo53",32,1,1,4,2,0.2,0,1,1,1,3,1,0.1875,0.28125,5.9271875,NA,0,0
"51","R_1PS13gNhqWQkAzM",28,1,1,4,2,0.8,0.4,1,1,1,3,1,0.46875,0.48125,11.43740625,NA,0,0
"52","R_XRFV1wd3KSh8w7L",41,1,0,3,5,0.2,0,1,1,1,3,1,0.1875,0.1,10.7358125,NA,0,0
"53","R_3D8ybG7SsU7w4jB",57,0,0,2,4,0.2,0.4,1,0,1,2,0,0.40625,0.28125,11.66009375,NA,0,0
"54","R_tYXg6mdF9O0QPrX",40,0,0,4,2,0.4,0.4,1,1,1,3,1,0.3125,0.51875,15.09428125,NA,0,0
"55","R_2dmOmqHlo0Qznkx",28,1,1,2,4,0.6,0,1,1,1,3,1,0.40625,0.525,11.6235,NA,0,0
"56","R_31hMAot4jDSGS6Z",25,0,0,3,1,0.4,0,1,1,1,3,1,0.3125,0.4125,15.69053125,NA,0,0
"57","R_3e2LsfjPy5BKRbC",28,1,0,2,4,0.8,0.2,1,0,1,2,0,0.4375,0.45,12.53040625,NA,0,0
"58","R_2cCNyQR8fYD8N5U",21,0,1,4,3,0.6,0.2,1,1,1,3,1,0.34375,0.3125,9.2924375,NA,0,0
"59","R_yllLgeMlqTZDhLj",21,0,1,4,1,0.6,0,1,1,1,3,1,0.3125,0.51875,14.918625,NA,0,0
"60","R_3m2Z9IOpTigHrSU",31,0,1,4,2,0.2,0.2,1,0,1,2,0,0.28125,0.26875,11.25915625,NA,0,0
"61","R_2RTYSLuS7jIV3VC",54,1,1,4,4,0.6,0.4,1,0,1,2,0,0.34375,0.3375,10.045875,NA,0,0
"62","R_2s7kl891Z9GBUWa",30,1,0,4,2,1,0.4,1,1,1,3,1,0.34375,0.625,20.5181875,NA,0,0
"63","R_2Y9h1b2E4GDjGlY",48,1,1,4,3,0.2,0,1,0,0,1,0,0.46875,0.25625,22.84865625,NA,0,0
"64","R_2Ynup9mzbRziFag",20,0,1,2,4,0.2,0,1,1,1,3,1,0.34375,0.36875,9.9496875,NA,0,0
"65","R_1hM6wa9kSUNH1Ep",27,1,0,2,4,0.6,0.2,0,0,1,1,0,0.375,0.5125,26.70584375,NA,0,0
"66","R_3dWI2pcrQ6pgWQW",23,0,1,3,2,0.4,0.2,1,1,1,3,1,0.375,0.55,6.52409375,NA,0,0
"67","R_3O0wOumB2iXWwql",29,1,0,4,4,0.8,0,1,1,1,3,1,0.375,0.33125,13.57721875,NA,0,0
"68","R_2rBAY208NsMD2IE",28,1,0,2,4,0.6,0.8,1,1,1,3,1,0.46875,0.70625,6.28059375,NA,0,0
"69","R_3Ei0VFuFY8NRNYI",34,1,1,3,4,0.6,0,1,1,1,3,1,0.375,0.1875,14.49440625,NA,0,0
"70","R_1g2sU5O3CsO3QFi",25,1,1,2,3,0.4,0.2,1,0,1,2,0,0.3125,0.53125,8.51390625,NA,0,0
"71","R_3CUcOioBR7jsEmr",25,0,0,4,2,0.2,0.4,1,1,1,3,1,0.375,0.3375,13.54346875,NA,0,0
"72","R_2VxRm60qNqWMzvG",20,0,1,5,2,0.6,0.6,0,1,1,2,0,0.4375,0.45625,27.13753125,NA,0,0
"73","R_1F5jopdza3Q288l",21,0,1,4,3,0.8,0,1,1,1,3,1,0.46875,0.575,6.610875,NA,0,0
"74","R_1JRW0tZ4nfhwGDs",22,1,0,5,4,0.4,0,1,0,0,1,0,0.4375,0.40625,6.34853125,NA,0,0
"75","R_b8ZWwSxP0PUf2y5",38,0,1,4,3,0.4,0,1,1,1,3,1,0.3125,0.31875,17.53215625,NA,0,0
"76","R_31KpSuswjU9fRyK",28,0,0,4,2,0.8,0.4,1,1,0,2,0,0.3125,0.53125,8.83775,NA,0,0
"77","R_1FbQTuGHERv9hNh",20,0,1,5,4,0,0,1,1,1,3,1,0.34375,0.25625,14.29953125,NA,0,0
"78","R_1EWnWzzjUzi0F4p",41,0,1,4,4,1,1,1,0,1,2,0,0.375,0.71875,40.35821875,NA,0,0
"79","R_3eHLwPbxKYA02rv",21,0,0,2,4,0.6,0.2,1,1,1,3,1,0.28125,0.36875,10.83534375,NA,0,0
"80","R_1lB0UmQ0EKn17Kt",20,0,1,5,4,0.6,0.2,1,1,1,3,1,0.40625,0.41875,12.82640625,NA,0,0
"81","R_1Injgg4T1mfn5VB",56,1,0,4,4,0.2,0.2,1,0,1,2,0,0.25,0.60625,21.10859375,NA,0,0
"82","R_UrUGrUYwcUzf9n3",24,0,1,4,3,0.2,0.2,1,1,1,3,1,0.40625,0.1875,7.12,NA,0,0
"83","R_x5Rs1GxD4ju4N7r",38,1,1,3,4,0.6,0.6,1,1,1,3,1,0.3125,0.35625,8.38596875,NA,0,0
"84","R_2uOLjZoSRPwCzMO",39,0,1,5,1,0.2,0.4,1,1,1,3,1,0.15625,0.64375,12.835125,NA,0,0
"85","R_svqMr55RTvSq9Tb",32,1,0,4,2,0.8,0.2,1,1,1,3,1,0.46875,0.45625,11.99384375,NA,0,0
"86","R_1JVhO3JZuxaPwDj",37,1,0,2,4,0.4,0,1,1,1,3,1,0.4375,0.30625,10.41140625,NA,0,0
"87","R_2nq062m405bPwLn",32,0,1,4,3,0.6,0.4,1,1,1,3,1,0.3125,0.60625,5.65753125,NA,0,0
"88","R_3hu8aeWZDOaF2xr",29,0,1,4,5,0,0,1,1,1,3,1,0.46875,0.18125,10.900875,NA,0,0
"89","R_1f4bLhhQdj8vfBF",34,0,1,4,3,0.2,0.2,1,1,1,3,1,0.4375,0.38125,8.7953125,NA,0,0
"90","R_3QJiOABg22on0Wi",24,1,0,4,2,0.4,0.2,1,1,1,3,1,0.25,0.35,7.672125,NA,0,0
"91","R_tQKevyemPIwqr2p",41,1,0,4,2,0.6,0.2,1,1,1,3,1,0.3125,0.35625,9.2088125,NA,0,0
"92","R_2B8VbVp8QXPiZTJ",35,0,1,3,4,0.4,0,1,1,1,3,1,0.25,0.3625,9.22103125,NA,0,0
"93","R_1PTsrMRaxBVJ3Li",32,1,1,4,3,0.4,0,1,1,1,3,1,0.375,0.275,10.253625,NA,0,0
"94","R_2fATs8WTUoK2c5C",20,0,0,3,4,0.6,0.2,1,1,1,3,1,0.375,0.73125,8.81478125,NA,0,0
"95","R_DdTjh74QzXNHIaZ",36,0,0,4,3,0.6,0.2,1,1,1,3,1,0.25,0.13125,12.26528125,NA,0,0
"96","R_vITXm5mp1EtaDLP",34,1,0,2,4,0.4,0,1,1,1,3,1,0.28125,0.2875,12.380375,NA,0,0
"97","R_2ZNWWm7JSRn4WSU",20,0,0,4,2,0.6,0.4,1,1,1,3,1,0.40625,0.525,8.336125,NA,0,0
"98","R_2ScxbuZLpxXGhZB",36,0,0,5,2,0,0,1,1,0,2,0,0.34375,0.59375,16.436,NA,0,0
"99","R_6Yktf5yRyYQq5CV",33,1,0,4,4,0.6,0,1,1,1,3,1,0.5,0.45625,6.6694375,NA,0,0
"100","R_2cBhg2q86tKTvOY",26,1,0,2,3,1,0.2,1,0,0,1,0,0.375,0.2125,8.02409375,NA,0,0
"101","R_1fjyKx3MpvlArLz",20,0,0,4,4,0.8,0.2,1,1,1,3,1,0.3125,0.75625,14.2499375,NA,0,0
"102","R_2xUXdzK9YkR2JC7",20,0,0,3,4,0.4,0,1,1,1,3,1,0.40625,0.26875,14.312875,NA,0,0
"103","R_2e4jjNhizs8CCEJ",22,1,0,4,3,0.2,0,1,1,1,3,1,0.3125,0.3375,6.267375,NA,0,0
"104","R_1118Q5jQdKSYqCf",31,1,1,4,4,0.4,0.2,1,1,1,3,1,0.34375,0.25,8.698125,NA,0,0
"105","R_3G7XoU6W2Rpc07a",19,0,1,4,3,0.8,0.4,0,0,0,0,0,0.34375,0.45,11.30646875,NA,0,0
"106","R_1jIjvIpE80Qg7Th",42,1,1,2,4,0.2,0,1,1,1,3,1,0.3125,0.275,6.44765625,NA,0,0
"107","R_2cvH21TruCbSnrh",46,1,0,4,4,0.2,0,1,1,1,3,1,0.4375,0.2625,12.7684375,NA,0,0
"108","R_3iybB6S0OqfYsir",30,0,1,4,3,0.4,0,1,1,1,3,1,0.1875,0.48125,8.04646875,NA,0,0
"109","R_w6tKRNDOUb7NFSN",23,0,1,5,2,0.6,0.4,1,1,1,3,1,0.3125,0.35625,33.877,NA,0,0
"110","R_3Pdx2J4VK1deDv2",56,0,1,1,1,0.2,0,1,1,1,3,1,0.28125,0.4,14.02571875,NA,0,0
"111","R_3rY7Dy21ENawstb",18,0,1,5,2,0.4,0,1,1,1,3,1,0.34375,0.5625,8.0855625,NA,0,0
"112","R_3kFYnZ6hDbkfb3c",30,1,0,2,2,1,0,1,0,1,2,0,0.40625,0.75625,8.74815625,NA,0,0
"113","R_3fv10VMtORusggP",22,1,1,4,4,0.4,0,1,1,1,3,1,0.46875,0.63125,27.50721875,NA,0,0
"114","R_2tJQLagG2M6QdOa",36,1,1,2,4,0.2,0,1,1,1,3,1,0.34375,0.3,14.001,NA,0,0
"115","R_1OUhaHX2ruEcKJT",27,0,0,3,4,0.6,0.4,1,0,1,2,0,0.375,0.09375,9.655625,NA,0,0
"116","R_1Q48jAD4pTY0iwE",38,1,0,4,5,0.2,0,1,1,1,3,1,0.3125,0.375,14.1300625,NA,0,0
"117","R_29ay5nG6FZMFmIO",27,1,1,4,5,0.2,0,1,1,1,3,1,0.25,0.25625,7.95609375,NA,0,0
"118","R_1kZXPjgdTdh1AjP",20,0,0,2,2,0.6,0,1,1,1,3,1,0.4375,0.34375,17.74340625,NA,0,0
"119","R_SMYK1tVcbNmEcTL",23,1,0,2,4,0.4,0,1,1,1,3,1,0.3125,0.39375,18.27871875,NA,0,0
"120","R_1pVVZ3s1CXu4QaD",36,1,1,4,4,0.4,0,1,1,1,3,1,0.4375,0.4,21.2198125,NA,0,0
"121","R_1gdxr3201bY7lCK",18,0,0,2,4,0.2,0.4,1,1,1,3,1,0.40625,0.375,9.972125,NA,0,0
"122","R_3OcZLD9v026y7mT",22,1,0,4,4,0.4,0.2,1,1,1,3,1,0.4375,0.51875,12.4364375,NA,0,0
"123","R_2DSqmhukIDHwKq0",18,0,1,5,4,0.4,0.4,1,1,1,3,1,0.34375,0.5125,6.94925,NA,0,0
"124","R_2S2MzXJuLzJTOFy",31,0,0,5,4,0.2,0,1,1,1,3,1,0.40625,0.2625,7.7859375,NA,0,0
"125","R_1nOZBpHU8HVRcH4",39,1,0,4,2,0.4,0.2,1,1,1,3,1,0.5,0.36875,7.49746875,NA,0,0
"126","R_3PN5vXNaw42oN8v",38,1,1,4,4,0.8,0.2,1,0,0,1,0,0.28125,0.7125,6.1699375,NA,0,0
"127","R_6s2aZB6FLy5MkCt",21,0,0,4,3,0.2,0.2,1,1,1,3,1,0.40625,0.3625,17.10878125,NA,0,0
"128","R_115550r3jsDbEz3",52,1,0,4,4,0.4,0.2,1,1,1,3,1,0.21875,0.3375,11.73975,NA,0,0
"129","R_3RykCmjgM2Us0yf",26,1,0,4,4,0.4,0.2,1,1,1,3,1,0.40625,0.575,24.642,NA,0,0
"130","R_2QMz6qy0Rw9fREh",36,1,1,2,2,0.6,0,0,1,1,2,0,0.34375,0.575,8.0679375,NA,0,0
"131","R_2OIUJ9msNibA5yl",31,0,1,4,4,0.6,0.2,1,0,0,1,0,0.21875,0.5,5.3786875,NA,0,0
"132","R_3sdHLxIfsyO8mug",27,0,1,4,2,0.6,0.4,0,1,1,2,0,0.4375,0.2875,10.49609375,NA,0,0
"133","R_2agDKb9RVaB7Fmr",38,0,1,4,2,0.6,0.4,1,1,1,3,1,0.375,0.45625,8.50528125,NA,0,0
"134","R_3ERXkInRZ4NtkC1",51,1,0,2,4,0.4,0.2,1,1,1,3,1,0.4375,0.4625,11.670625,NA,0,0
"135","R_wYU8Ay6n4JYZCWl",23,1,0,2,4,0.4,0,1,1,1,3,1,0.28125,0.25625,7.79471875,NA,0,0
"136","R_3kjGeZPZPhdUmWe",32,0,0,4,3,0.8,0,1,0,1,2,0,0.3125,0.39375,13.7628125,NA,0,0
"137","R_2YxhIfMLMuBu5Yw",50,0,1,5,2,1,0.6,1,0,1,2,0,0.28125,0.4875,24.70721875,NA,0,0
"138","R_2ygfLUFaggmBQaK",55,1,1,5,5,0.2,0.2,1,0,1,2,0,0.28125,0.26875,10.647625,NA,0,0
"139","R_2TYkTN8cgPC5ukE",21,1,1,4,3,0.6,0,1,1,1,3,1,0.1875,0.5875,7.987125,NA,0,0
"140","R_p3rnbbpcsldDCsp",41,0,0,4,2,0.8,0,1,1,1,3,1,0.34375,0.45,20.3604375,NA,0,0
"141","R_2sdpWvbS4vVLQYY",28,0,0,4,4,0.4,0,1,1,1,3,1,0.28125,0.30625,18.715375,NA,0,0
"142","R_bCuE4HUBiyUmrmx",31,1,0,1,4,0.8,0.6,1,1,1,3,1,0.34375,0.48125,8.12478125,NA,0,0
"143","R_vGrVNIqJgvPHmYp",23,1,0,2,4,0,0,1,1,1,3,1,0.40625,0.25,11.560625,NA,0,0
"144","R_9TvQFQN6JowGJbz",42,1,0,NA,3,0.6,0.2,1,1,1,3,1,0.34375,0.31875,33.05515625,NA,0,0
"145","R_2fjJvTfW1wxZm0c",20,0,0,2,4,0.2,0.2,1,1,1,3,1,0.46875,0.375,26.780875,NA,0,0
"146","R_3KMw41QeLaG8F5G",19,0,0,4,2,0.6,0.6,1,1,1,3,1,0.375,0.55625,9.53396875,NA,0,0
"147","R_26a7Z2nt3ik3UYi",28,0,0,4,4,0.4,0,1,1,1,3,1,0.375,0.45,9.02265625,NA,0,0
"148","R_3IbpMYJLNBPTLlE",22,0,0,4,2,0.4,0.6,1,1,1,3,1,0.46875,0.33125,10.58115625,NA,0,0
"149","R_3hEMc65WpXlRZpg",29,1,0,4,2,0.2,0,1,1,1,3,1,0.375,0.34375,11.36975,NA,0,0
"150","R_3LbwGB5jY4v2Hi5",46,1,1,4,4,0.4,0,1,0,1,2,0,0.375,0.275,12.81775,NA,0,0
"151","R_2fpUYuvpZc7hfeR",18,0,1,4,5,0.6,0,1,1,1,3,1,0.25,0.50625,11.7113125,NA,0,0
"152","R_12fKlLECgwF0NDe",25,0,0,3,1,0,0,1,0,1,2,0,0.3125,0.5,10.23653125,NA,0,0
"153","R_Y4ysrIQ1Gqgqw8h",22,0,0,4,4,0.2,0.2,1,1,1,3,1,0.28125,0.23125,16.6070625,NA,0,0
"154","R_5sEfHinUXUiuFbP",38,1,1,4,3,0.4,0.2,1,1,1,3,1,0.34375,0.275,7.53315625,NA,0,0
"155","R_3kNT5kFcHFCPJhT",32,0,0,4,4,0.4,0.2,1,1,1,3,1,0.40625,0.35,16.74821875,NA,0,0
"156","R_1l42OqVwnYdxJ8f",54,0,1,4,2,1,0.6,1,0,1,2,0,0.4375,0.775,14.26646875,NA,0,0
"157","R_23fwKuhlm4g9dwA",31,0,0,2,4,0.6,0.4,1,1,1,3,1,0.46875,0.6125,31.47896875,NA,0,0
"158","R_272JFncaVZ9WFdK",33,0,0,2,4,0.6,0.2,1,1,1,3,1,0.3125,0.35625,11.481,NA,0,0
"159","R_a4Y80TR5C45yB4B",19,0,1,3,3,0.6,0.4,1,1,1,3,1,0.5625,0.65,32.32653125,NA,0,0
"160","R_2amByEI6KR7T1AS",54,1,0,5,4,0.2,0.2,1,0,1,2,0,0.1875,0.4875,16.996375,NA,0,0
"161","R_eJXJ1RugnblJow9",20,0,0,4,4,0.8,0.2,1,0,1,2,0,0.375,0.575,15.002125,NA,0,0
"162","R_1OEaXiF6Xs42rsn",48,1,0,2,4,0.4,0.6,1,0,1,2,0,0.375,0.4,11.18521875,NA,0,0
"163","R_1QtQoMjy78LyoDf",36,0,1,2,2,0.6,0.2,1,0,1,2,0,0.40625,0.43125,20.075,NA,0,0
"164","R_307OQjs96WIEAX4",33,1,1,4,2,0.6,0.2,1,1,1,3,1,0.4375,0.5625,14.61365625,NA,0,0
"165","R_yUtpzqHZBZbfO5r",46,1,0,4,3,0.2,0.2,1,1,1,3,1,0.25,0.23125,15.36221875,NA,0,0
"166","R_2SDNwJSlNDzQKI4",38,0,0,4,3,0.6,0.6,1,1,1,3,1,0.46875,0.5375,16.44490625,NA,0,0
"167","R_2ygcqvOse7AxPfH",32,1,0,4,2,1,0.6,1,0,1,2,0,0.28125,0.83125,40.5029375,NA,0,0
"168","R_wUgyZabqSwDA4Y9",25,1,1,4,3,0.6,0.2,1,1,1,3,1,0.25,0.475,9.80409375,NA,0,0
"169","R_2E4NwdSazRP4TGE",18,0,0,3,2,0.2,0,0,0,1,1,0,0.375,0.35,13.91203125,NA,0,0
"170","R_3Dv90Lfjh1tTgL6",33,0,0,3,2,0.8,0,1,0,1,2,0,0.4375,0.46875,16.53665625,NA,0,0
"171","R_tLjwQQjei5qIBMt",58,1,1,4,4,0.2,0,1,0,1,2,0,0.3125,0.375,18.49884375,NA,0,0
"172","R_2dzjMKw6OPvPipm",24,1,0,4,4,0.6,0,1,1,1,3,1,0.40625,0.50625,15.38925,NA,0,0
"173","R_2So8JUQIsrbVu8K",29,0,1,4,4,0.4,0.2,1,1,1,3,1,0.46875,0.3875,17.0961875,NA,0,0
"174","R_1Iv1VxxfEO91KYT",19,0,0,4,1,0.2,0,1,1,1,3,1,0.34375,0.2875,16.31628125,NA,0,0
"175","R_3NWFiWcxIRu5vX2",18,0,1,4,2,0.4,0,0,1,1,2,0,0.21875,0.3125,33.07171875,NA,0,0
"176","R_Qg0pW0MrwzTlZvj",32,1,1,5,4,0.6,0.6,1,0,1,2,0,0.3125,0.8125,28.13859375,NA,0,0
"177","R_1BY4TZBPcDxBXCI",32,1,1,5,4,0.6,0.6,1,0,1,2,0,0.40625,0.775,31.5120625,NA,0,0
"178","R_1pyUT2xKq7tDArL",36,0,1,5,1,0.4,0.4,1,1,1,3,1,0.40625,0.425,45.89778125,NA,0,0
"179","R_10BJzh2xkqkXP9G",49,0,1,3,4,0.8,0.4,1,1,1,3,1,0.34375,0.65625,14.2390625,NA,0,0
"180","R_0wkGlbEsBo72LBv",34,1,1,2,3,0.2,0,1,1,1,3,1,0.375,0.2875,21.8730625,NA,0,0
"181","R_1qUHBLbY2RlvVOV",25,0,0,2,3,0.6,0.2,1,1,1,3,1,0.28125,0.40625,23.08521875,NA,0,0
"182","R_QgY8hyXx0Pmc1dD",34,1,1,4,4,0.8,0.4,1,1,1,3,1,0.1875,0.7,24.06390625,NA,0,0
"183","R_roGerEtWcV6TRNT",33,1,0,3,3,0.2,0.2,1,0,0,1,0,0.40625,0.43125,27.43296875,NA,0,0
"184","R_3jfxfISpaswm605",44,1,1,4,4,0.4,0.4,1,1,1,3,1,0.375,0.34375,27.66553125,NA,0,0
"185","R_sNiUXsAQHUF0U9j",35,0,0,5,1,0.6,0.6,1,0,0,1,0,0.46875,0.51875,42.02971875,NA,0,0
"186","R_2uwzNn25d3H6Mu0",27,0,0,4,2,1,1,1,1,1,3,1,0.34375,0.69375,27.03696875,NA,0,0
"187","R_1OplfLWAJhmVrNk",57,1,0,4,4,0.6,0.2,1,1,1,3,1,0.40625,0.48125,45.83403125,NA,0,0
"188","R_3qsXvPziWMVXlCs",24,0,1,3,3,0.4,0.4,1,0,1,2,0,0.40625,0.63125,23.9694375,NA,0,0
"189","R_1o84p7QZFHNiUOh",31,1,1,4,1,0.4,0.4,1,1,1,3,1,0.4375,0.28125,18.1895625,NA,0,0
"190","R_OliIl76lWVWnUEp",37,0,0,4,4,0.4,0.2,1,1,1,3,1,0.25,0.4,15.00496875,NA,0,0
"191","R_C1C5ojO7jGgIqml",64,0,0,4,4,0.2,0,1,1,1,3,1,0.28125,0.4,35.32296875,NA,0,0
"192","R_2vk6MQHU9u5Khfz",47,0,0,4,4,0.8,0.2,1,1,1,3,1,0.46875,0.34375,25.75815625,NA,0,0
"193","R_w5d7tiTJJco0Bxv",32,1,1,4,4,0.8,0,1,1,1,3,1,0.40625,0.35625,7.7565625,NA,0,0
"194","R_1HoVpK2zrJ4h2Da",45,1,0,2,4,0.6,0,1,1,1,3,1,0.375,0.44375,54.5223125,NA,0,0
"195","R_3Pe0OlQn2SyMRge",51,1,1,4,2,0.6,0.4,1,1,1,3,1,0.34375,0.48125,40.29325,NA,0,0
"196","R_1floJHnSj3EIGBW",33,1,1,5,5,0.4,0.4,1,1,1,3,1,0.25,0.425,29.11615625,NA,0,0
"197","R_3smiF6LXktgnfF6",40,1,0,5,3,0.2,0.2,1,1,1,3,1,0.46875,0.3875,9.0435625,NA,0,0
"198","R_9z8DUlB3BC9anEB",40,1,1,4,4,0.4,0,1,1,1,3,1,0.5,0.25625,9.143875,NA,0,0
"199","R_3ND8S7eFPywQ0XG",25,0,0,3,4,0.6,0,1,0,1,2,0,0.40625,0.425,17.853875,NA,0,0
"200","R_1N2efRTviFlAoWu",25,1,0,2,4,0.6,0,1,1,1,3,1,0.375,0.55,19.2864375,NA,0,0
"201","R_3GqPPwHEwMIkCSF",51,1,0,4,1,0.6,0.2,1,1,1,3,1,0.4375,0.7625,258.51559375,NA,0,0
"202","R_22mqvTFwijCFDOC",22,0,1,3,2,0.4,0.2,1,1,1,3,1,0.375,0.625,8.23834375,0.5125,1,0
"203","R_vr9oYzUEhrjrmAF",58,1,0,2,4,0.2,0,0,1,1,2,0,0.375,0.53125,10.94496875,0.39375,1,0
"204","R_1eVGQkDn4wmTveD",18,0,0,3,3,0.6,0.4,1,0,1,2,0,0.53125,0.53125,13.12059375,0.41875,1,1
"205","R_9SmL2ZpD54Eow3T",59,0,0,3,2,0.4,0,1,1,1,3,1,0.5625,0.55625,9.272375,0.56875,1,1
"206","R_2yegKpfProRdTHs",30,0,0,3,3,0.6,0.4,1,1,1,3,1,0.40625,0.4875,9.86571875,0.48125,1,0
"207","R_3rSwlBik2Gfkh5B",30,1,0,5,4,0,0,1,1,1,3,1,0.5,0.4125,6.968875,0.4625,1,0
"208","R_1EiEj4FyRqbuA40",24,1,1,5,5,0.4,0.2,1,1,1,3,1,0.5,0.60625,7.2731875,0.6375,1,1
"209","R_3iyQxtIShxHleOm",18,0,1,3,3,0.6,0.2,1,1,0,2,0,0.625,0.38125,8.1296875,0.60625,1,1
"210","R_3gTWxd8okkHqgWE",23,0,1,4,3,0.6,0,1,1,1,3,1,0.53125,0.7625,11.03875,0.74375,1,0
"211","R_0P91reh8CsGYQIV",21,0,1,4,1,0.4,0.2,1,1,1,3,1,0.40625,0.70625,6.8136875,0.41875,1,0
"212","R_2WGM38KGUDeGLkc",20,0,0,4,2,0.8,0.6,1,0,0,1,0,0.59375,0.73125,5.43628125,0.61875,1,1
"213","R_1K3CAo2kTuUk5pJ",31,1,1,4,4,0.8,0,1,1,1,3,1,0.53125,0.58125,5.68375,0.45,1,0
"214","R_2aY973l52plt7Bv",21,0,0,2,2,0.4,0.4,1,1,1,3,1,0.5625,0.9125,6.39203125,0.93125,1,1
"215","R_1N2EC9A3NcCumLn",23,0,1,2,3,0.4,0.2,1,1,1,3,1,0.5625,0.5625,5.7343125,0.625,1,0
"216","R_UxNdIEuBcSD4Jnr",26,1,1,2,5,0,0,1,1,1,3,1,0.5625,0.325,7.14965625,0.3,1,0
"217","R_9XEw40pHMWQvsel",22,1,1,2,4,0.4,0,1,1,1,3,1,0.40625,0.5875,9.44325,0.60625,1,0
"218","R_2ClcZpBJkRng4bF",46,1,0,5,2,0.4,0.2,1,1,1,3,1,0.65625,0.70625,8.8901875,0.525,1,1
"219","R_w7z6QyyjQbmgn4t",26,1,0,2,3,0.4,0.2,1,0,1,2,0,0.625,0.45625,6.143125,0.64375,1,1
"220","R_0CEZexeez6PmpY5",25,1,0,4,4,0.4,0,1,1,1,3,1,0.5625,0.6875,9.7455625,0.40625,1,1
"221","R_wZSfcAGv5NaiceJ",33,1,1,2,2,0.4,0.2,1,1,1,3,1,0.625,0.56875,7.00640625,0.60625,1,1
"222","R_uknfXYnH7IEu6xb",41,0,1,4,4,0.2,0,1,1,1,3,1,0.5625,0.61875,10.71884375,0.825,1,1
"223","R_3KwJ0CY6mYNnCWX",30,0,1,3,2,0.4,0.4,1,0,1,2,0,0.625,0.6375,9.41625,0.575,1,1
"224","R_2VCRRO3FlQGg4yf",23,0,1,3,2,0.2,0,1,1,1,3,1,0.4375,0.375,9.139125,0.30625,1,0
"225","R_3GllcSVAbWgPJc6",35,1,0,4,4,0.4,0,1,1,1,3,1,0.53125,0.24375,6.69046875,0.25625,1,0
"226","R_PTHzERZQpfZFYLT",27,0,1,4,3,0.6,0,1,0,1,2,0,0.65625,0.575,9.6818125,0.71875,1,0
"227","R_XRkHP28XftIToGZ",20,0,0,3,4,0.6,0,1,1,1,3,1,0.5,0.48125,6.22421875,0.35625,1,0
"228","R_2Xii2SX9yhNcbdr",59,0,0,1,2,1,0.4,1,1,1,3,1,0.4375,0.6625,7.64653125,0.41875,1,0
"229","R_2OOWqGVsHSMpKYP",23,0,1,4,2,0.4,0.2,1,1,1,3,1,0.46875,0.36875,8.9319375,0.2375,1,1
"230","R_r9FFDydNduScHYZ",21,0,1,4,4,0.4,0,1,1,1,3,1,0.5625,0.51875,6.44346875,0.2375,1,0
"231","R_21zzGKM7iwBK4ro",22,1,1,3,2,0.4,0.2,1,1,1,3,1,0.59375,0.5625,8.73428125,0.59375,1,1
"232","R_27xRjOXD126VLMu",28,0,0,5,4,0.6,0.2,1,1,1,3,1,0.53125,0.61875,6.7111875,0.7625,1,1
"233","R_1rluEh5Zo5QIoAJ",36,1,1,4,4,0.6,0,0,1,1,2,0,0.5625,0.65,11.2675,0.69375,1,0
"234","R_3MDznKTUj3fvOxW",25,0,0,2,4,0.8,0.2,1,0,1,2,0,0.625,0.425,5.17425,0.45,1,1
"235","R_1I4rKEIgLpt3GuB",38,0,1,2,3,0.4,0,1,0,1,2,0,0.625,0.74375,12.1796875,0.65625,1,1
"236","R_DpkR6vZ2iL5rMn7",20,0,1,3,2,0.4,0.2,1,1,1,3,1,0.28125,0.41875,7.06659375,0.51875,1,0
"237","R_1QtlhAsDepwI9RN",19,0,1,1,4,0.6,0,1,1,1,3,1,0.53125,0.4875,5.4393125,0.59375,1,0
"238","R_1F9rPW57TS2Nz7j",28,1,0,1,4,0.2,0,1,1,1,3,1,0.46875,0.3125,6.64678125,0.35625,1,0
"239","R_3RkCeoxW3QHvbUE",25,1,1,3,NA,0.6,0.2,1,1,1,3,1,0.5625,0.7375,5.01240625,0.66875,1,1
"240","R_2TEFTZFF7BLVxFe",18,0,0,4,2,0.4,0,1,1,1,3,1,0.5,0.51875,5.39190625,0.4625,1,1
"241","R_27JC9L7yPkmOEt5",29,1,1,4,2,0.4,0.4,1,1,1,3,1,0.5625,0.6875,6.3789375,0.6375,1,0
"242","R_110gucIytMMzhRT",30,1,0,4,4,0.6,0,1,1,1,3,1,0.46875,0.29375,7.523375,0.3125,1,0
"243","R_6yDv4POVNnikrzH",25,0,0,3,4,0.6,0,1,1,1,3,1,0.59375,0.44375,6.375,0.525,1,0
"244","R_3Eh61fVL4wYbZBY",20,0,1,2,4,1,0,1,1,1,3,1,0.625,0.60625,7.65359375,0.4875,1,0
"245","R_1Kfj7417wIlqllb",27,1,1,3,2,0.6,0.2,1,1,1,3,1,0.59375,0.6125,9.46178125,0.59375,1,1
"246","R_sHJu8Tm2ys4fFsZ",37,1,0,4,2,0.6,0.6,1,1,1,3,1,0.53125,0.8375,6.89228125,0.75625,1,0
"247","R_31HNMw1wqj2Q5lP",24,1,1,4,4,0.6,0,1,1,1,3,1,0.5625,0.66875,9.2874375,0.5375,1,1
"248","R_zVwVCcoJbKqVHyN",27,1,0,2,4,0.4,0.2,1,1,1,3,1,0.53125,0.4125,8.9174375,0.2875,1,1
"249","R_PGVws6TJenVHYpr",39,1,1,5,2,0.8,0.6,1,1,1,3,1,0.5625,0.5,8.7973125,0.51875,1,1
"250","R_1FG34AxEY8JntO3",20,0,1,3,4,0,0,1,1,1,3,1,0.59375,0.74375,8.125375,0.64375,1,1
"251","R_3dTedqThDLeKo53",32,1,1,4,2,0.2,0,1,1,1,3,1,0.375,0.35,3.90065625,0.55625,1,0
"252","R_1PS13gNhqWQkAzM",28,1,1,4,2,0.8,0.4,1,1,1,3,1,0.59375,0.53125,7.6528125,0.49375,1,1
"253","R_XRFV1wd3KSh8w7L",41,1,0,3,5,0.2,0,1,1,1,3,1,0.5,0.08125,10.06746875,0.375,1,0
"254","R_3D8ybG7SsU7w4jB",57,0,0,2,4,0.2,0.4,1,0,1,2,0,0.5625,0.3625,8.99928125,0.31875,1,1
"255","R_tYXg6mdF9O0QPrX",40,0,0,4,2,0.4,0.4,1,1,1,3,1,0.53125,0.6,10.8345,0.5125,1,0
"256","R_2dmOmqHlo0Qznkx",28,1,1,2,4,0.6,0,1,1,1,3,1,0.4375,0.68125,5.97675,0.30625,1,0
"257","R_31hMAot4jDSGS6Z",25,0,0,3,1,0.4,0,1,1,1,3,1,0.625,0.6375,16.10775,0.59375,1,1
"258","R_3e2LsfjPy5BKRbC",28,1,0,2,4,0.8,0.2,1,0,1,2,0,0.625,0.6625,8.64646875,0.425,1,0
"259","R_2cCNyQR8fYD8N5U",21,0,1,4,3,0.6,0.2,1,1,1,3,1,0.59375,0.44375,8.3636875,0.575,1,1
"260","R_yllLgeMlqTZDhLj",21,0,1,4,1,0.6,0,1,1,1,3,1,0.40625,0.49375,8.83153125,0.26875,1,0
"261","R_3m2Z9IOpTigHrSU",31,0,1,4,2,0.2,0.2,1,0,1,2,0,0.65625,0.425,8.70675,0.59375,1,1
"262","R_2RTYSLuS7jIV3VC",54,1,1,4,4,0.6,0.4,1,0,1,2,0,0.5625,0.4375,7.8705,0.53125,1,0
"263","R_2s7kl891Z9GBUWa",30,1,0,4,2,1,0.4,1,1,1,3,1,0.59375,0.7625,11.37528125,0.75,1,0
"264","R_2Y9h1b2E4GDjGlY",48,1,1,4,3,0.2,0,1,0,0,1,0,0.59375,0.54375,5.5630625,0.6375,1,1
"265","R_2Ynup9mzbRziFag",20,0,1,2,4,0.2,0,1,1,1,3,1,0.59375,0.38125,9.45671875,0.3875,1,1
"266","R_1hM6wa9kSUNH1Ep",27,1,0,2,4,0.6,0.2,0,0,1,1,0,0.59375,0.65625,16.87553125,0.525,1,1
"267","R_3dWI2pcrQ6pgWQW",23,0,1,3,2,0.4,0.2,1,1,1,3,1,0.46875,0.7125,5.5525,0.61875,1,0
"268","R_3O0wOumB2iXWwql",29,1,0,4,4,0.8,0,1,1,1,3,1,0.5625,0.4375,14.62840625,0.475,1,1
"269","R_2rBAY208NsMD2IE",28,1,0,2,4,0.6,0.8,1,1,1,3,1,0.625,0.85625,5.39446875,0.55625,1,0
"270","R_3Ei0VFuFY8NRNYI",34,1,1,3,4,0.6,0,1,1,1,3,1,0.625,0.45,16.86790625,0.51875,1,1
"271","R_1g2sU5O3CsO3QFi",25,1,1,2,3,0.4,0.2,1,0,1,2,0,0.5,0.71875,7.20553125,0.36875,1,1
"272","R_3CUcOioBR7jsEmr",25,0,0,4,2,0.2,0.4,1,1,1,3,1,0.65625,0.59375,12.1390625,0.78125,1,0
"273","R_2VxRm60qNqWMzvG",20,0,1,5,2,0.6,0.6,0,1,1,2,0,0.59375,0.68125,13.94878125,0.7375,1,1
"274","R_1F5jopdza3Q288l",21,0,1,4,3,0.8,0,1,1,1,3,1,0.6875,0.75625,6.45503125,0.64375,1,1
"275","R_1JRW0tZ4nfhwGDs",22,1,0,5,4,0.4,0,1,0,0,1,0,0.5625,0.7375,5.712125,0.8125,1,1
"276","R_b8ZWwSxP0PUf2y5",38,0,1,4,3,0.4,0,1,1,1,3,1,0.5625,0.4375,7.803875,0.64375,1,0
"277","R_31KpSuswjU9fRyK",28,0,0,4,2,0.8,0.4,1,1,0,2,0,0.59375,0.60625,10.47578125,0.53125,1,1
"278","R_1FbQTuGHERv9hNh",20,0,1,5,4,0,0,1,1,1,3,1,0.5625,0.78125,7.93578125,0.7875,1,1
"279","R_1EWnWzzjUzi0F4p",41,0,1,4,4,1,1,1,0,1,2,0,0.5625,0.89375,9.78440625,0.7875,1,0
"280","R_3eHLwPbxKYA02rv",21,0,0,2,4,0.6,0.2,1,1,1,3,1,0.53125,0.475,7.9696875,0.6,1,1
"281","R_1lB0UmQ0EKn17Kt",20,0,1,5,4,0.6,0.2,1,1,1,3,1,0.625,0.5125,12.39090625,0.5375,1,1
"282","R_1Injgg4T1mfn5VB",56,1,0,4,4,0.2,0.2,1,0,1,2,0,0.28125,0.60625,22.47184375,0.33125,1,0
"283","R_UrUGrUYwcUzf9n3",24,0,1,4,3,0.2,0.2,1,1,1,3,1,0.59375,0.4,7.465875,0.54375,1,1
"284","R_x5Rs1GxD4ju4N7r",38,1,1,3,4,0.6,0.6,1,1,1,3,1,0.59375,0.4,8.41525,0.54375,1,0
"285","R_2uOLjZoSRPwCzMO",39,0,1,5,1,0.2,0.4,1,1,1,3,1,0.34375,0.85,10.42671875,0.7875,1,0
"286","R_svqMr55RTvSq9Tb",32,1,0,4,2,0.8,0.2,1,1,1,3,1,0.625,0.54375,9.1998125,0.53125,1,1
"287","R_1JVhO3JZuxaPwDj",37,1,0,2,4,0.4,0,1,1,1,3,1,0.59375,0.3625,6.143,0.3,1,0
"288","R_2nq062m405bPwLn",32,0,1,4,3,0.6,0.4,1,1,1,3,1,0.59375,0.7125,3.96259375,0.65,1,0
"289","R_3hu8aeWZDOaF2xr",29,0,1,4,5,0,0,1,1,1,3,1,0.5625,0.7375,8.9436875,0.7875,1,1
"290","R_1f4bLhhQdj8vfBF",34,0,1,4,3,0.2,0.2,1,1,1,3,1,0.65625,0.4125,6.948875,0.41875,1,1
"291","R_3QJiOABg22on0Wi",24,1,0,4,2,0.4,0.2,1,1,1,3,1,0.53125,0.525,6.0636875,0.6875,1,0
"292","R_tQKevyemPIwqr2p",41,1,0,4,2,0.6,0.2,1,1,1,3,1,0.5625,0.54375,8.1228125,0.74375,1,0
"293","R_2B8VbVp8QXPiZTJ",35,0,1,3,4,0.4,0,1,1,1,3,1,0.53125,0.28125,8.549625,0.3,1,0
"294","R_1PTsrMRaxBVJ3Li",32,1,1,4,3,0.4,0,1,1,1,3,1,0.5625,0.5875,7.29459375,0.73125,1,1
"295","R_2fATs8WTUoK2c5C",20,0,0,3,4,0.6,0.2,1,1,1,3,1,0.53125,0.825,4.80334375,0.63125,1,0
"296","R_DdTjh74QzXNHIaZ",36,0,0,4,3,0.6,0.2,1,1,1,3,1,0.5625,0.4625,11.9858125,0.75,1,1
"297","R_vITXm5mp1EtaDLP",34,1,0,2,4,0.4,0,1,1,1,3,1,0.5625,0.6,7.40703125,0.75625,1,1
"298","R_2ZNWWm7JSRn4WSU",20,0,0,4,2,0.6,0.4,1,1,1,3,1,0.5625,0.65625,6.857375,0.51875,1,1
"299","R_2ScxbuZLpxXGhZB",36,0,0,5,2,0,0,1,1,0,2,0,0.5625,0.75625,10.073125,0.925,1,1
"300","R_6Yktf5yRyYQq5CV",33,1,0,4,4,0.6,0,1,1,1,3,1,0.65625,0.6125,4.7108125,0.69375,1,0
"301","R_2cBhg2q86tKTvOY",26,1,0,2,3,1,0.2,1,0,0,1,0,0.625,0.4125,7.430125,0.34375,1,1
"302","R_1fjyKx3MpvlArLz",20,0,0,4,4,0.8,0.2,1,1,1,3,1,0.65625,0.71875,10.6236875,0.61875,1,0
"303","R_2xUXdzK9YkR2JC7",20,0,0,3,4,0.4,0,1,1,1,3,1,0.5625,0.50625,12.1500625,0.45,1,1
"304","R_2e4jjNhizs8CCEJ",22,1,0,4,3,0.2,0,1,1,1,3,1,0.59375,0.64375,6.80140625,0.69375,1,0
"305","R_1118Q5jQdKSYqCf",31,1,1,4,4,0.4,0.2,1,1,1,3,1,0.5625,0.5,9.769,0.51875,1,0
"306","R_3G7XoU6W2Rpc07a",19,0,1,4,3,0.8,0.4,0,0,0,0,0,0.5625,0.7,7.21759375,0.5875,1,1
"307","R_1jIjvIpE80Qg7Th",42,1,1,2,4,0.2,0,1,1,1,3,1,0.53125,0.58125,4.855125,0.6875,1,0
"308","R_2cvH21TruCbSnrh",46,1,0,4,4,0.2,0,1,1,1,3,1,0.59375,0.51875,11.862,0.8875,1,0
"309","R_3iybB6S0OqfYsir",30,0,1,4,3,0.4,0,1,1,1,3,1,0.625,0.725,6.01353125,0.725,1,1
"310","R_w6tKRNDOUb7NFSN",23,0,1,5,2,0.6,0.4,1,1,1,3,1,0.5625,0.61875,18.6774375,0.68125,1,1
"311","R_3Pdx2J4VK1deDv2",56,0,1,1,1,0.2,0,1,1,1,3,1,0.25,0.3875,7.77275,0,1,0
"312","R_3rY7Dy21ENawstb",18,0,1,5,2,0.4,0,1,1,1,3,1,0.53125,0.74375,6.25484375,0.64375,1,1
"313","R_3kFYnZ6hDbkfb3c",30,1,0,2,2,1,0,1,0,1,2,0,0.59375,0.76875,7.4788125,0.4875,1,1
"314","R_3fv10VMtORusggP",22,1,1,4,4,0.4,0,1,1,1,3,1,0.5625,0.75625,18.5595,0.7125,1,0
"315","R_2tJQLagG2M6QdOa",36,1,1,2,4,0.2,0,1,1,1,3,1,0.59375,0.33125,11.136,0.325,1,1
"316","R_1OUhaHX2ruEcKJT",27,0,0,3,4,0.6,0.4,1,0,1,2,0,0.59375,0.20625,7.127625,0.46875,1,1
"317","R_1Q48jAD4pTY0iwE",38,1,0,4,5,0.2,0,1,1,1,3,1,0.46875,0.475,7.73003125,0.39375,1,0
"318","R_29ay5nG6FZMFmIO",27,1,1,4,5,0.2,0,1,1,1,3,1,0.5625,0.35625,5.40596875,0.55,1,0
"319","R_1kZXPjgdTdh1AjP",20,0,0,2,2,0.6,0,1,1,1,3,1,0.53125,0.6375,9.74365625,0.6125,1,1
"320","R_SMYK1tVcbNmEcTL",23,1,0,2,4,0.4,0,1,1,1,3,1,0.40625,0.59375,9.30325,0.5375,1,0
"321","R_1pVVZ3s1CXu4QaD",36,1,1,4,4,0.4,0,1,1,1,3,1,0.59375,0.625,13.06953125,0.725,1,0
"322","R_1gdxr3201bY7lCK",18,0,0,2,4,0.2,0.4,1,1,1,3,1,0.5625,0.50625,7.98596875,0.51875,1,0
"323","R_3OcZLD9v026y7mT",22,1,0,4,4,0.4,0.2,1,1,1,3,1,0.5625,0.8375,9.87475,0.7375,1,0
"324","R_2DSqmhukIDHwKq0",18,0,1,5,4,0.4,0.4,1,1,1,3,1,0.5625,0.675,6.9953125,0.66875,1,1
"325","R_2S2MzXJuLzJTOFy",31,0,0,5,4,0.2,0,1,1,1,3,1,0.53125,0.2625,11.33575,0.41875,1,0
"326","R_1nOZBpHU8HVRcH4",39,1,0,4,2,0.4,0.2,1,1,1,3,1,0.5625,0.35625,5.197625,0.41875,1,0
"327","R_3PN5vXNaw42oN8v",38,1,1,4,4,0.8,0.2,1,0,0,1,0,0.5625,0.69375,4.8211875,0.575,1,1
"328","R_6s2aZB6FLy5MkCt",21,0,0,4,3,0.2,0.2,1,1,1,3,1,0.5625,0.44375,9.56940625,0.45625,1,0
"329","R_115550r3jsDbEz3",52,1,0,4,4,0.4,0.2,1,1,1,3,1,0.5,0.425,9.65503125,0.4625,1,1
"330","R_3RykCmjgM2Us0yf",26,1,0,4,4,0.4,0.2,1,1,1,3,1,0.5625,0.675,12.78390625,0.73125,1,0
"331","R_2QMz6qy0Rw9fREh",36,1,1,2,2,0.6,0,0,1,1,2,0,0.59375,0.875,5.022875,0.7,1,1
"332","R_2OIUJ9msNibA5yl",31,0,1,4,4,0.6,0.2,1,0,0,1,0,0.40625,0.61875,5.22578125,0.66875,1,1
"333","R_3sdHLxIfsyO8mug",27,0,1,4,2,0.6,0.4,0,1,1,2,0,0.59375,0.375,5.852,0.51875,1,1
"334","R_2agDKb9RVaB7Fmr",38,0,1,4,2,0.6,0.4,1,1,1,3,1,0.5625,0.56875,7.5070625,0.55625,1,1
"335","R_3ERXkInRZ4NtkC1",51,1,0,2,4,0.4,0.2,1,1,1,3,1,0.625,0.68125,11.51690625,0.41875,1,1
"336","R_wYU8Ay6n4JYZCWl",23,1,0,2,4,0.4,0,1,1,1,3,1,0.59375,0.5,6.7829375,0.49375,1,1
"337","R_3kjGeZPZPhdUmWe",32,0,0,4,3,0.8,0,1,0,1,2,0,0.375,0.35,8.0750625,0.23125,1,0
"338","R_2YxhIfMLMuBu5Yw",50,0,1,5,2,1,0.6,1,0,1,2,0,0.3125,0.49375,13.20665625,0.8625,1,0
"339","R_2ygfLUFaggmBQaK",55,1,1,5,5,0.2,0.2,1,0,1,2,0,0.59375,0.6,8.20325,0.55625,1,1
"340","R_2TYkTN8cgPC5ukE",21,1,1,4,3,0.6,0,1,1,1,3,1,0.375,0.6375,9.34353125,0.4,1,0
"341","R_p3rnbbpcsldDCsp",41,0,0,4,2,0.8,0,1,1,1,3,1,0.59375,0.53125,11.05334375,0.49375,1,1
"342","R_2sdpWvbS4vVLQYY",28,0,0,4,4,0.4,0,1,1,1,3,1,0.53125,0.25625,10.4906875,0.2875,1,1
"343","R_bCuE4HUBiyUmrmx",31,1,0,1,4,0.8,0.6,1,1,1,3,1,0.625,0.5375,6.934125,0.14375,1,0
"344","R_vGrVNIqJgvPHmYp",23,1,0,2,4,0,0,1,1,1,3,1,0.625,0.425,11.200125,0.39375,1,1
"345","R_9TvQFQN6JowGJbz",42,1,0,NA,3,0.6,0.2,1,1,1,3,1,0.59375,0.70625,12.2588125,0.76875,1,0
"346","R_2fjJvTfW1wxZm0c",20,0,0,2,4,0.2,0.2,1,1,1,3,1,0.53125,0.5625,26.49025,0.54375,1,1
"347","R_3KMw41QeLaG8F5G",19,0,0,4,2,0.6,0.6,1,1,1,3,1,0.59375,0.66875,12.0055625,0.60625,1,0
"348","R_26a7Z2nt3ik3UYi",28,0,0,4,4,0.4,0,1,1,1,3,1,0.59375,0.55625,14.64896875,0.54375,1,0
"349","R_3IbpMYJLNBPTLlE",22,0,0,4,2,0.4,0.6,1,1,1,3,1,0.625,0.6625,7.32565625,0.81875,1,0
"350","R_3hEMc65WpXlRZpg",29,1,0,4,2,0.2,0,1,1,1,3,1,0.4375,0.34375,10.3425625,0.43125,1,0
"351","R_3LbwGB5jY4v2Hi5",46,1,1,4,4,0.4,0,1,0,1,2,0,0.5625,0.5125,8.95459375,0.55,1,1
"352","R_2fpUYuvpZc7hfeR",18,0,1,4,5,0.6,0,1,1,1,3,1,0.4375,0.5625,10.72121875,0.63125,1,0
"353","R_12fKlLECgwF0NDe",25,0,0,3,1,0,0,1,0,1,2,0,0.4375,0.6875,10.27815625,0.6375,1,1
"354","R_Y4ysrIQ1Gqgqw8h",22,0,0,4,4,0.2,0.2,1,1,1,3,1,0.5,0.3,11.0441875,0.35,1,1
"355","R_5sEfHinUXUiuFbP",38,1,1,4,3,0.4,0.2,1,1,1,3,1,0.59375,0.68125,4.60103125,0.70625,1,1
"356","R_3kNT5kFcHFCPJhT",32,0,0,4,4,0.4,0.2,1,1,1,3,1,0.53125,0.65,20.71109375,0.66875,1,0
"357","R_1l42OqVwnYdxJ8f",54,0,1,4,2,1,0.6,1,0,1,2,0,0.46875,0.68125,8.5261875,0.70625,1,0
"358","R_23fwKuhlm4g9dwA",31,0,0,2,4,0.6,0.4,1,1,1,3,1,0.4375,0.625,6.4395,0.475,1,0
"359","R_272JFncaVZ9WFdK",33,0,0,2,4,0.6,0.2,1,1,1,3,1,0.59375,0.53125,10.45278125,0.51875,1,1
"360","R_a4Y80TR5C45yB4B",19,0,1,3,3,0.6,0.4,1,1,1,3,1,0.53125,0.7375,12.00065625,0.675,1,1
"361","R_2amByEI6KR7T1AS",54,1,0,5,4,0.2,0.2,1,0,1,2,0,0.5625,0.88125,9.549875,0.975,1,1
"362","R_eJXJ1RugnblJow9",20,0,0,4,4,0.8,0.2,1,0,1,2,0,0.5,0.625,19.07303125,0.48125,1,1
"363","R_1OEaXiF6Xs42rsn",48,1,0,2,4,0.4,0.6,1,0,1,2,0,0.625,0.54375,10.777,0.50625,1,0
"364","R_1QtQoMjy78LyoDf",36,0,1,2,2,0.6,0.2,1,0,1,2,0,0.59375,0.6375,11.4475625,0.60625,1,1
"365","R_307OQjs96WIEAX4",33,1,1,4,2,0.6,0.2,1,1,1,3,1,0.5,0.5875,11.57209375,0.6,1,0
"366","R_yUtpzqHZBZbfO5r",46,1,0,4,3,0.2,0.2,1,1,1,3,1,0.53125,0.25625,12.9350625,0.375,1,1
"367","R_2SDNwJSlNDzQKI4",38,0,0,4,3,0.6,0.6,1,1,1,3,1,0.59375,0.6375,13.486,0.60625,1,0
"368","R_2ygcqvOse7AxPfH",32,1,0,4,2,1,0.6,1,0,1,2,0,0.34375,0.825,14.44478125,0.6125,1,0
"369","R_wUgyZabqSwDA4Y9",25,1,1,4,3,0.6,0.2,1,1,1,3,1,0.59375,0.7,9.17609375,0.68125,1,1
"370","R_2E4NwdSazRP4TGE",18,0,0,3,2,0.2,0,0,0,1,1,0,0.375,0.3125,9.62096875,0.20625,1,0
"371","R_3Dv90Lfjh1tTgL6",33,0,0,3,2,0.8,0,1,0,1,2,0,0.625,0.6875,11.19775,0.5875,1,1
"372","R_tLjwQQjei5qIBMt",58,1,1,4,4,0.2,0,1,0,1,2,0,0.625,0.65625,15.65978125,0.58125,1,1
"373","R_2dzjMKw6OPvPipm",24,1,0,4,4,0.6,0,1,1,1,3,1,0.5,0.8125,14.5516875,0.5375,1,0
"374","R_2So8JUQIsrbVu8K",29,0,1,4,4,0.4,0.2,1,1,1,3,1,0.53125,0.6625,14.33546875,0.50625,1,1
"375","R_1Iv1VxxfEO91KYT",19,0,0,4,1,0.2,0,1,1,1,3,1,0.53125,0.5,15.0786875,0.59375,1,1
"376","R_3NWFiWcxIRu5vX2",18,0,1,4,2,0.4,0,0,1,1,2,0,0.5,0.58125,6.15603125,0.6875,1,1
"377","R_Qg0pW0MrwzTlZvj",32,1,1,5,4,0.6,0.6,1,0,1,2,0,0.5625,0.90625,18.28134375,0.9625,1,0
"378","R_1BY4TZBPcDxBXCI",32,1,1,5,4,0.6,0.6,1,0,1,2,0,0.5625,0.9125,14.88178125,0.975,1,1
"379","R_1pyUT2xKq7tDArL",36,0,1,5,1,0.4,0.4,1,1,1,3,1,0.5,0.5625,21.78665625,0.75,1,0
"380","R_10BJzh2xkqkXP9G",49,0,1,3,4,0.8,0.4,1,1,1,3,1,0.53125,0.63125,42.19703125,0.46875,1,1
"381","R_0wkGlbEsBo72LBv",34,1,1,2,3,0.2,0,1,1,1,3,1,0.59375,0.25625,17.0325625,0.3625,1,0
"382","R_1qUHBLbY2RlvVOV",25,0,0,2,3,0.6,0.2,1,1,1,3,1,0.53125,0.59375,19.13575,0.58125,1,0
"383","R_QgY8hyXx0Pmc1dD",34,1,1,4,4,0.8,0.4,1,1,1,3,1,0.34375,0.74375,15.74584375,0.475,1,0
"384","R_roGerEtWcV6TRNT",33,1,0,3,3,0.2,0.2,1,0,0,1,0,0.625,0.59375,23.89928125,0.475,1,1
"385","R_3jfxfISpaswm605",44,1,1,4,4,0.4,0.4,1,1,1,3,1,0.5,0.425,10.109125,0.6625,1,1
"386","R_sNiUXsAQHUF0U9j",35,0,0,5,1,0.6,0.6,1,0,0,1,0,0.5625,0.50625,43.12628125,0.5375,1,0
"387","R_2uwzNn25d3H6Mu0",27,0,0,4,2,1,1,1,1,1,3,1,0.5,0.7125,7.587,0.75625,1,0
"388","R_1OplfLWAJhmVrNk",57,1,0,4,4,0.6,0.2,1,1,1,3,1,0.5625,0.68125,9.57603125,0.7,1,0
"389","R_3qsXvPziWMVXlCs",24,0,1,3,3,0.4,0.4,1,0,1,2,0,0.59375,0.8,26.2565,0.51875,1,1
"390","R_1o84p7QZFHNiUOh",31,1,1,4,1,0.4,0.4,1,1,1,3,1,0.5625,0.54375,7.00215625,0.5625,1,1
"391","R_OliIl76lWVWnUEp",37,0,0,4,4,0.4,0.2,1,1,1,3,1,0.625,0.4625,14.3064375,0.5,1,1
"392","R_C1C5ojO7jGgIqml",64,0,0,4,4,0.2,0,1,1,1,3,1,0.59375,0.5125,16.59903125,0.4,1,1
"393","R_2vk6MQHU9u5Khfz",47,0,0,4,4,0.8,0.2,1,1,1,3,1,0.53125,0.36875,20.536,0.2625,1,0
"394","R_w5d7tiTJJco0Bxv",32,1,1,4,4,0.8,0,1,1,1,3,1,0.5625,0.475,10.1510625,0.5625,1,0
"395","R_1HoVpK2zrJ4h2Da",45,1,0,2,4,0.6,0,1,1,1,3,1,0.625,0.525,16.70440625,0.49375,1,0
"396","R_3Pe0OlQn2SyMRge",51,1,1,4,2,0.6,0.4,1,1,1,3,1,0.375,0.6375,20.4636875,0.61875,1,0
"397","R_1floJHnSj3EIGBW",33,1,1,5,5,0.4,0.4,1,1,1,3,1,0.5625,0.55,37.79128125,0.81875,1,0
"398","R_3smiF6LXktgnfF6",40,1,0,5,3,0.2,0.2,1,1,1,3,1,0.5625,0.56875,6.42128125,0.9125,1,0
"399","R_9z8DUlB3BC9anEB",40,1,1,4,4,0.4,0,1,1,1,3,1,0.5625,0.475,7.75475,0.63125,1,0
"400","R_3ND8S7eFPywQ0XG",25,0,0,3,4,0.6,0,1,0,1,2,0,0.5,0.58125,9.871625,0.49375,1,1
"401","R_1N2efRTviFlAoWu",25,1,0,2,4,0.6,0,1,1,1,3,1,0.4375,0.525,19.277375,0.50625,1,1
"402","R_3GqPPwHEwMIkCSF",51,1,0,4,1,0.6,0.2,1,1,1,3,1,0.625,0.8625,13.32915625,0.79375,1,1
